event_id,mag,scaled_mag,depth_km,depth_category,felt,gap,sig,significant,region,station_network,local_claims_filed
us6000ticb,4.1,0.33333333333333326,35,shallow,0,171,259,0,"Palaióchora, Greece",unknown,0
us6000tid5,2.9,0.08333333333333331,35,shallow,0,226,129,0,"Nikolski, Alaska",unknown,0
us6000tid4,2.9,0.08333333333333331,5.965,shallow,0,218,129,0,"Nikolski, Alaska",PNSN-07,8
us6000thcu,4.5,0.4166666666666667,10.069,shallow,0,120,312,0,"Sulangan, Philippines",PNSN-07,11
aka2026pbngng,2.6,0.020833333333333353,2.5,shallow,0,313,104,0,"Unalaska, Alaska",PNSN-07,15
us6000thcs,5.1,0.5416666666666666,10,shallow,0,68,400,1,"Masohi, Indonesia",USGS-WEST,7
us6000thcq,5.1,0.5416666666666666,10,shallow,0,60,400,1,"Masohi, Indonesia",PNSN-07,5
us6000tid0,2.5,0.0,94.092,intermediate,0,153,96,0,"Adak, Alaska",unknown,0
aka2026pbmqmw,2.5,0.0,98.5,intermediate,0,118,96,0,"Adak, Alaska",SCEDC-01,12
us6000tica,4.3,0.375,63.941,shallow,0,125,284,0,"Ternate, Indonesia",unknown,0
us6000thck,4.1,0.33333333333333326,10,shallow,0,84,259,0,"Masohi, Indonesia",PNSN-07,6
us6000tic8,4.4,0.3958333333333334,39.713,shallow,0,127,298,0,"Sulangan, Philippines",unknown,0
us6000tic9,4.1,0.33333333333333326,10,shallow,0,113,259,0,"Masohi, Indonesia",unknown,0
us6000thci,4.1,0.33333333333333326,30.343,shallow,0,194,259,0,"Yamada, Japan",SCEDC-01,6
us6000tic5,4.1,0.33333333333333326,10,shallow,0,100,259,0,"Masohi, Indonesia",unknown,0
us6000thf0,3.6,0.22916666666666669,23.896,shallow,0,201,199,0,"Atka, Alaska",SCEDC-01,9
us6000thc9,4.5,0.4166666666666667,10,shallow,0,61,312,0,"Simao, China",CEA-12,4
us6000thca,4.5,0.4166666666666667,58.284,shallow,0,132,312,0,"Sarangani, Philippines",CEA-12,0
us6000thc6,4.4,0.3958333333333334,10,shallow,0,68,298,0,"Masohi, Indonesia",unknown,0
us6000thc1,4.4,0.3958333333333334,10,shallow,0,124,298,0,"Puerto Madero, Mexico",USGS-WEST,13
us6000tic3,4.4,0.3958333333333334,10,shallow,0,58,298,0,"Masohi, Indonesia",unknown,0
us6000thbz,4.4,0.3958333333333334,349.413,deep,0,119,298,0,the Fiji Islands,PNSN-07,1
us6000thbu,4.6,0.43749999999999994,10,shallow,0,50,326,0,"Masohi, Indonesia",PNSN-07,11
us6000thbs,4.4,0.3958333333333334,43.324,shallow,0,81,298,0,"Hulbuk, Tajikistan",USGS-WEST,1
us6000thbq,5.3,0.5833333333333334,10,shallow,0,25,432,1,"Masohi, Indonesia",SCEDC-01,9
us6000tic2,4.5,0.4166666666666667,10,shallow,0,46,312,0,"Masohi, Indonesia",unknown,0
ci40664370,2.98,0.1,14.39,shallow,360,17,259,0,"Palomar Observatory, CA",PNSN-07,3
nc75409242,2.92,0.0875,5.01,shallow,8,52,133,0,"Gilroy, CA",PNSN-07,0
us6000thbi,4.3,0.375,83.056,intermediate,0,195,284,0,"El Arenal, Mexico",SCEDC-01,14
us6000tic1,4.6,0.43749999999999994,10,shallow,0,158,326,0,Easter Island region,unknown,0
us6000thb5,5.2,0.5625000000000001,35,shallow,0,44,416,1,South Sandwich Islands region,SCEDC-01,5
us6000thaw,3.1,0.12500000000000003,10,shallow,22,141,156,0,"Miramichi, Canada",CEA-12,8
us6000ticr,2.5,0.0,35,shallow,0,225,96,0,"Unalaska, Alaska",unknown,0
aka2026pbdjqy,2.5,0.0,33.3,shallow,0,224,96,0,"Adak, Alaska",CEA-12,4
us6000tibz,4.5,0.4166666666666667,10,shallow,0,215,312,0,Kermadec Islands region,PNSN-07,14
us6000th96,5,0.5208333333333334,11.851,shallow,0,57,385,1,"Coquimbo, Chile",SCEDC-01,13
us6000th99,4.5,0.4166666666666667,5,shallow,13,69,319,0,"Torretta-Scalzapecora, Italy",PNSN-07,8
us6000th92,3.4,0.1875,35,shallow,0,202,178,0,"King Cove, Alaska",CEA-12,7
us6000ticp,2.5,0.0,43.26,shallow,0,241,96,0,"Adak, Alaska",PNSN-07,13
us6000tibw,4.3,0.375,74.696,intermediate,0,99,284,0,"Colonia, Micronesia",CEA-12,10
us6000th8n,5.2,0.5625000000000001,10,shallow,0,206,416,1,"Puerto Madero, Mexico",PNSN-07,0
aka2026payuvl,2.5,0.0,2.4,shallow,1,55,96,0,"Funny River, Alaska",PNSN-07,4
us6000th8m,4.7,0.45833333333333337,10,shallow,0,83,340,0,"Puerto Ayora, Ecuador",SCEDC-01,10
us6000th8j,4.4,0.3958333333333334,10,shallow,0,183,298,0,"Puerto Madero, Mexico",SCEDC-01,0
us6000th8h,2.5,0.0,10,shallow,0,127,96,0,"Hope, Kansas",PNSN-07,12
us6000tibr,4.3,0.375,10,shallow,0,207,284,0,"Puerto Madero, Mexico",CEA-12,15
aka2026pawdol,2.7,0.041666666666666706,10,shallow,0,30,112,0,"Denali National Park, Alaska",CEA-12,8
us6000th82,4.2,0.35416666666666674,100.048,intermediate,0,100,271,0,"San Felipe, Chile",USGS-WEST,8
us6000tici,2.9,0.08333333333333331,10,shallow,0,293,129,0,"Atka, Alaska",PNSN-07,15
aka2026patvnn,3.2,0.14583333333333337,84.5,intermediate,0,65,158,0,"Karluk, Alaska",SCEDC-01,0
us6000th7y,4.6,0.43749999999999994,10,shallow,0,90,326,0,"Amagi, Japan",PNSN-07,5
aka2026paruhb,2.5,0.0,1,shallow,0,31,96,0,"Denali National Park, Alaska",PNSN-07,9
us6000tibn,4.6,0.43749999999999994,10,shallow,0,89,326,0,"Abepura, Indonesia",unknown,0
us6000ti60,2.5,0.0,28.86,shallow,0,229,96,0,"False Pass, Alaska",unknown,0
us6000th7q,4.2,0.35416666666666674,58.709,shallow,4,72,273,0,"Titahi Bay, New Zealand",PNSN-07,12
aka2026paofid,2.9,0.08333333333333331,10,shallow,0,167,129,0,"Chiniak, Alaska",PNSN-07,12
us6000ti5x,2.9,0.08333333333333331,35,shallow,0,201,129,0,"Sand Point, Alaska",unknown,0
us6000th7i,4.3,0.375,10,shallow,0,167,284,0,"Mazār-e Sharīf, Afghanistan",PNSN-07,14
us6000tiuc,4.2,0.35416666666666674,35,shallow,0,116,271,0,"San Cristóbal, Mexico",unknown,0
us6000th7g,4.4,0.3958333333333334,10,shallow,0,146,298,0,"Puerto Madero, Mexico",CEA-12,15
us6000th6a,4.6,0.43749999999999994,10,shallow,0,84,326,0,"Dāmghān, Iran",CEA-12,8
us6000ti5r,2.9,0.08333333333333331,10,shallow,0,229,129,0,"Akutan, Alaska",PNSN-07,0
us6000tibl,4.1,0.33333333333333326,186.332,intermediate,0,144,259,0,Kermadec Islands region,PNSN-07,10
us6000th68,4.9,0.5000000000000001,10,shallow,0,53,369,0,"Banda Aceh, Indonesia",PNSN-07,1
us6000tibj,4.3,0.375,10,shallow,0,145,284,0,"Hengchun, Taiwan",SCEDC-01,9
us6000th6b,3.5,0.20833333333333334,11.178,shallow,0,212,188,0,"Atka, Alaska",CEA-12,7
us6000th63,4.4,0.3958333333333334,576.772,deep,0,90,298,0,Fiji region,unknown,0
us6000th5s,5,0.5208333333333334,10,shallow,0,123,385,1,Kermadec Islands region,unknown,0
us6000tibg,4.3,0.375,10,shallow,0,181,284,0,"Kokopo, Papua New Guinea",unknown,0
us6000th5m,4.1,0.33333333333333326,10,shallow,3,79,259,0,"Campbell River, Canada",PNSN-07,3
us6000ti4a,2.7,0.041666666666666706,68.706,shallow,0,211,112,0,"Atka, Alaska",USGS-WEST,6
us6000th5i,4.1,0.33333333333333326,10,shallow,1,163,259,0,"Kirkuk, Iraq",CEA-12,5
us6000tiub,4.2,0.35416666666666674,10,shallow,0,215,271,0,"Ocós, Guatemala",unknown,0
us6000thlu,4.6,0.43749999999999994,8.6,shallow,0,96,326,0,Kermadec Islands region,USGS-WEST,4
us6000th5f,5,0.5208333333333334,35,shallow,0,69,385,1,Kermadec Islands region,SCEDC-01,14
us6000ti48,3,0.10416666666666667,16.385,shallow,0,259,138,0,"False Pass, Alaska",unknown,0
us6000ti47,2.9,0.08333333333333331,187.552,intermediate,0,178,129,0,"Adak, Alaska",unknown,0
us6000th57,4.1,0.33333333333333326,97.35,intermediate,0,139,259,0,"Tsukuba, Japan",unknown,0
nn00922625,2.67,0.03541666666666665,6.8187,shallow,1,116,110,0,"Alamo, Nevada",PNSN-07,4
us6000tibb,4.3,0.375,35,shallow,0,264,284,0,Kermadec Islands region,unknown,0
us6000th54,4.6,0.43749999999999994,35,shallow,0,135,326,0,Kermadec Islands region,unknown,0
us6000th4p,4.3,0.375,10,shallow,0,229,284,0,"Manta, Ecuador",USGS-WEST,0
us6000th4k,5.6,0.6458333333333333,156.481,intermediate,13,59,487,1,"San Fernando, Peru",CEA-12,13
us6000ti3h,4.1,0.33333333333333326,57.447,shallow,0,178,259,0,"La Esperanza (El Zapotal), Mexico",SCEDC-01,0
us6000thuv,2.6,0.020833333333333353,35,shallow,0,208,104,0,"Sand Point, Alaska",unknown,0
us6000th43,4.7,0.45833333333333337,64.167,shallow,0,127,340,0,"Petropavlovsk-Kamchatsky, Russia",CEA-12,10
us6000th3m,5.1,0.5416666666666666,72.408,intermediate,0,96,400,1,"Petropavlovsk-Kamchatsky, Russia",SCEDC-01,0
us6000tiu7,4.3,0.375,10,shallow,0,203,284,0,"Puerto Madero, Mexico",USGS-WEST,8
us6000th36,4.1,0.33333333333333326,194.601,intermediate,0,98,259,0,"San Antonio de los Cobres, Argentina",CEA-12,4
aka2026ozlsmh,2.5,0.0,9.4,shallow,0,165,96,0,"Ivanof Bay, Alaska",CEA-12,11
us6000th30,5,0.5208333333333334,10,shallow,0,111,385,1,Kermadec Islands region,CEA-12,5
us6000ti3a,4.2,0.35416666666666674,36.078,shallow,0,72,271,0,"Abepura, Indonesia",USGS-WEST,6
us6000th2y,4.5,0.4166666666666667,35,shallow,0,180,312,0,"La Libertad, El Salvador",SCEDC-01,0
us6000th2x,4.4,0.3958333333333334,10,shallow,0,91,298,0,"Oula Xiuma, China",USGS-WEST,12
us6000ti39,4.4,0.3958333333333334,10,shallow,0,105,298,0,Kermadec Islands region,CEA-12,2
us6000thta,3.1,0.12500000000000003,35,shallow,0,230,148,0,"Atka, Alaska",CEA-12,9
us6000th1t,5,0.5208333333333334,8.468,shallow,0,92,385,1,"Puerto Madero, Mexico",unknown,0
us6000th1p,4.5,0.4166666666666667,257.684,intermediate,0,64,312,0,"Ambon, Indonesia",PNSN-07,0
us6000th1h,5.9,0.7083333333333335,29.875,shallow,0,19,536,1,"Colonia, Micronesia",PNSN-07,11
us6000ti35,4.4,0.3958333333333334,373.47,deep,0,60,298,0,"Alo, Wallis and Futuna",CEA-12,13
us6000th1b,5.1,0.5416666666666666,10,shallow,0,166,400,1,Kermadec Islands region,PNSN-07,5
us6000th0z,4.5,0.4166666666666667,10,shallow,0,90,312,0,"Hualien City, Taiwan",PNSN-07,1
us6000th0s,4.3,0.375,66.192,shallow,0,152,284,0,"Noda, Japan",SCEDC-01,0
us6000tgzq,4.2,0.35416666666666674,137.734,intermediate,0,122,271,0,"San Pedro de Atacama, Chile",USGS-WEST,11
us6000tgzi,4.1,0.33333333333333326,199.112,intermediate,0,62,259,0,"San Antonio de los Cobres, Argentina",PNSN-07,12
nc75408617,3.42,0.19166666666666665,7.26,shallow,26,42,188,0,"Toms Place, CA",PNSN-07,4
us6000ti2w,4,0.3125,10,shallow,0,199,246,0,"La Esperanza (El Zapotal), Mexico",PNSN-07,13
us6000tgzc,4.1,0.33333333333333326,10,shallow,4,124,260,0,"Kirkuk, Iraq",PNSN-07,1
us6000ti2t,4.2,0.35416666666666674,10,shallow,0,161,271,0,"Brisas Barra de Suchiate, Mexico",PNSN-07,4
us6000tgyg,4.4,0.3958333333333334,30.123,shallow,0,59,298,0,"Abepura, Indonesia",USGS-WEST,14
us6000tht3,2.8,0.062499999999999965,10,shallow,0,237,121,0,"Unalaska, Alaska",PNSN-07,5
us6000th2i,4.5,0.4166666666666667,10,shallow,0,86,312,0,"Fakfak, Indonesia",PNSN-07,0
us6000ti2q,4.3,0.375,10,shallow,0,142,284,0,"Kirkuk, Iraq",unknown,0
nc75408517,2.76,0.05416666666666663,3.31,shallow,10,35,120,0,"Gilroy, CA",CEA-12,9
us6000ti2p,4.5,0.4166666666666667,35,shallow,0,101,312,0,"Abepura, Indonesia",USGS-WEST,11
us6000tgy8,5,0.5208333333333334,10,shallow,2,107,386,1,"Uto, Japan",SCEDC-01,1
us6000ti2n,4.2,0.35416666666666674,35,shallow,0,99,271,0,"Abepura, Indonesia",USGS-WEST,7
us6000tgy6,4.3,0.375,464.296,deep,0,83,284,0,"Baukau, Timor Leste",SCEDC-01,4
us6000ti2l,4.2,0.35416666666666674,621.457,deep,0,95,271,0,Vanuatu region,SCEDC-01,2
us6000ti2h,4.6,0.43749999999999994,10,shallow,0,138,326,0,Kermadec Islands region,unknown,0
pr71526788,2.88,0.07916666666666665,27.24,shallow,0,244,128,0,"San Antonio, Puerto Rico",unknown,0
us6000ti2f,4.3,0.375,77.656,intermediate,0,125,284,0,"Pelabuhanratu, Indonesia",unknown,0
us6000thc5,2.6,0.020833333333333353,10,shallow,0,245,104,0,"Sand Point, Alaska",unknown,0
us6000ti2d,4.1,0.33333333333333326,10,shallow,0,182,259,0,"Puerto Madero, Mexico",unknown,0
us6000ti2c,4.3,0.375,130.623,intermediate,0,107,284,0,"Neiafu, Tonga",unknown,0
us6000tgx5,4.5,0.4166666666666667,10,shallow,0,139,312,0,"Murghob, Tajikistan",PNSN-07,15
us6000ti2b,4.6,0.43749999999999994,10,shallow,0,166,326,0,Kermadec Islands region,unknown,0
us6000ti2a,4.5,0.4166666666666667,35,shallow,0,71,312,0,"Hihifo, Tonga",unknown,0
us6000tgx1,4.5,0.4166666666666667,10,shallow,0,138,312,0,"Murghob, Tajikistan",PNSN-07,14
us6000tgwy,4.4,0.3958333333333334,10,shallow,0,149,298,0,"Coquimbo, Chile",CEA-12,8
us6000ti29,4.6,0.43749999999999994,21.547,shallow,0,90,326,0,"Abepura, Indonesia",PNSN-07,0
us6000ti26,4.4,0.3958333333333334,32.931,shallow,0,84,298,0,"Abepura, Indonesia",unknown,0
us6000ti28,4.4,0.3958333333333334,39.827,shallow,0,85,298,0,"Abepura, Indonesia",PNSN-07,3
us6000tgwu,4.8,0.47916666666666663,10,shallow,0,77,354,0,"Mago, Russia",USGS-WEST,11
us6000tgwt,4.8,0.47916666666666663,10,shallow,3,104,356,0,"Qarnābād, Iran",USGS-WEST,14
us6000ti27,4.5,0.4166666666666667,10,shallow,0,141,312,0,"Karligan, Philippines",unknown,0
aka2026oymslq,3.2,0.14583333333333337,17,shallow,15,48,162,0,"Knik River, Alaska",USGS-WEST,0
aka2026oylisv,2.7,0.041666666666666706,0.5,shallow,0,37,112,0,"Denali National Park, Alaska",unknown,0
us6000ti24,4.5,0.4166666666666667,10,shallow,0,132,312,0,Kermadec Islands region,CEA-12,7
us6000tgwd,5,0.5208333333333334,91.052,intermediate,51,142,407,1,"La Democracia, Guatemala",USGS-WEST,0
us6000ti23,4.1,0.33333333333333326,132.116,intermediate,0,77,259,0,"Ie, Japan",unknown,0
us6000tgw3,4.5,0.4166666666666667,98.375,intermediate,4,64,312,0,"La Tirana, Chile",PNSN-07,8
us6000th9m,2.6,0.020833333333333353,10,shallow,0,260,104,0,"Sand Point, Alaska",PNSN-07,2
us6000tgw4,4.7,0.45833333333333337,10,shallow,0,94,340,0,"Abepura, Indonesia",USGS-WEST,9
us6000tgw1,4.7,0.45833333333333337,10,shallow,0,101,340,0,Southwest Indian Ridge,PNSN-07,12
us6000ti21,4.3,0.375,38.129,shallow,0,90,284,0,"Abepura, Indonesia",SCEDC-01,5
us6000ti20,4.6,0.43749999999999994,10,shallow,0,94,326,0,Kermadec Islands region,SCEDC-01,14
us6000ti1z,4.1,0.33333333333333326,115.384,intermediate,0,111,259,0,"Tomakomai, Japan",SCEDC-01,15
us6000ti1y,4.6,0.43749999999999994,10,shallow,0,123,326,0,Kermadec Islands region,unknown,0
us6000ti1x,4.5,0.4166666666666667,20.157,shallow,0,93,312,0,"Abepura, Indonesia",SCEDC-01,4
us6000ti1w,4.9,0.5000000000000001,10,shallow,0,113,369,0,Kermadec Islands region,PNSN-07,3
us6000ti3s,5.6,0.6458333333333333,10,shallow,0,73,482,1,Kermadec Islands region,unknown,0
us6000tgvz,5.8,0.6875,10,shallow,0,62,518,1,Kermadec Islands region,SCEDC-01,0
us6000th9e,2.6,0.020833333333333353,32.012,shallow,0,223,104,0,"Adak, Alaska",PNSN-07,0
us6000ti1t,4.4,0.3958333333333334,35,shallow,0,129,298,0,"Lumatil, Philippines",unknown,0
us6000th9c,2.9,0.08333333333333331,63.129,shallow,0,202,129,0,"Sand Point, Alaska",unknown,0
us6000ti1u,4.6,0.43749999999999994,10,shallow,0,91,326,0,"Abepura, Indonesia",unknown,0
us6000ti3j,4.7,0.45833333333333337,10,shallow,0,90,340,0,"Abepura, Indonesia",unknown,0
us6000ti3i,4.9,0.5000000000000001,10,shallow,0,90,369,0,"Abepura, Indonesia",unknown,0
aka2026oygafq,2.8,0.062499999999999965,5,shallow,0,15,121,0,"Cantwell, Alaska",unknown,0
us6000tgvu,5.4,0.6041666666666667,10,shallow,0,36,449,1,"Abepura, Indonesia",USGS-WEST,8
aka2026oyfkso,2.5,0.0,5,shallow,0,253,96,0,"Atka, Alaska",USGS-WEST,14
us6000th8x,2.8,0.062499999999999965,35,shallow,0,211,121,0,"Sand Point, Alaska",unknown,0
aka2026oycnjv,2.5,0.0,16.1,shallow,0,223,96,0,"Adak, Alaska",SCEDC-01,11
pr71526743,3.39,0.1854166666666667,17.87,shallow,0,281,177,0,"Tierras Nuevas Poniente, Puerto Rico",unknown,0
us6000tgva,5.3,0.5833333333333334,10,shallow,0,99,432,1,"Panguna, Papua New Guinea",CEA-12,9
us6000tgvc,4.9,0.5000000000000001,10,shallow,0,122,369,0,"Kokopo, Papua New Guinea",PNSN-07,11
us6000ti1r,4,0.3125,9.722,shallow,0,111,246,0,"Honmachi, Japan",unknown,0
us6000ti1p,4.2,0.35416666666666674,105.614,intermediate,0,139,271,0,"Mawlaik, Burma (Myanmar)",unknown,0
us6000ti1m,4.2,0.35416666666666674,10,shallow,0,146,271,0,"Masohi, Indonesia",unknown,0
us6000ti1k,4.4,0.3958333333333334,10,shallow,0,125,298,0,"Minamata, Japan",unknown,0
aka2026oxwqls,2.5,0.0,2.7,shallow,0,267,96,0,"Sand Point, Alaska",CEA-12,14
us6000tgup,4.4,0.3958333333333334,35,shallow,0,182,298,0,"Puerto Madero, Mexico",unknown,0
us6000thuk,4.2,0.35416666666666674,581.709,deep,0,170,271,0,"Levuka, Fiji",USGS-WEST,3
us6000tguj,5.1,0.5416666666666666,10,shallow,0,67,400,1,Kermadec Islands region,PNSN-07,7
us6000thur,4.7,0.45833333333333337,10,shallow,0,215,340,0,Kermadec Islands region,CEA-12,10
us6000th2m,2.7,0.041666666666666706,10,shallow,0,192,112,0,"Attu Station, Alaska",PNSN-07,8
us6000thuj,4.8,0.47916666666666663,10,shallow,0,75,354,0,Kermadec Islands region,PNSN-07,6
us6000tguf,5.9,0.7083333333333335,14,shallow,0,39,536,1,Kermadec Islands region,unknown,0
us6000thui,4.6,0.43749999999999994,161.771,intermediate,0,145,326,0,Kermadec Islands region,SCEDC-01,10
us6000thuh,4.6,0.43749999999999994,10,shallow,0,136,326,0,"Pagar Alam, Indonesia",SCEDC-01,3
us6000tgud,5.5,0.625,10,shallow,0,42,465,1,Pacific-Antarctic Ridge,PNSN-07,11
us6000thug,5,0.5208333333333334,10,shallow,0,86,385,1,southern Mid-Atlantic Ridge,PNSN-07,14
us6000th1u,2.5,0.0,35,shallow,0,223,96,0,"Sand Point, Alaska",PNSN-07,0
hv75010117,2.7,0.041666666666666706,5.90999984741211,shallow,0,354,112,0,"Waikoloa, Hawaii",PNSN-07,1
us6000thue,5,0.5208333333333334,10,shallow,0,70,385,1,Tonga,PNSN-07,5
us6000tgtc,5.1,0.5416666666666666,10,shallow,0,70,400,1,Tonga,PNSN-07,0
us6000th1s,3.3,0.16666666666666663,73.893,intermediate,0,197,168,0,"Atka, Alaska",CEA-12,6
us6000tgt4,4.8,0.47916666666666663,6.099,shallow,0,83,354,0,"Honmachi, Japan",PNSN-07,2
us6000th1n,2.6,0.020833333333333353,10,shallow,0,252,104,0,"Rat Islands, Aleutian Islands, Alaska",PNSN-07,15
us6000th1k,2.7,0.041666666666666706,28.853,shallow,0,212,112,0,"Nikolski, Alaska",PNSN-07,12
us6000thuc,4.1,0.33333333333333326,550.559,deep,0,148,259,0,Fiji region,USGS-WEST,0
us6000thua,4.3,0.375,113.715,intermediate,0,136,284,0,"Kirakira, Solomon Islands",SCEDC-01,0
us6000tgs2,5.1,0.5416666666666666,10,shallow,0,34,400,1,northern Mid-Atlantic Ridge,CEA-12,6
us6000th1c,3,0.10416666666666667,17.079,shallow,0,232,138,0,"King Cove, Alaska",USGS-WEST,2
us6000thu9,4,0.3125,498.51,deep,0,192,246,0,"Pagan region, Northern Mariana Islands",USGS-WEST,1
us6000thu8,4.3,0.375,10,shallow,0,181,284,0,Tonga,PNSN-07,7
aka2026oxjcya,2.6,0.020833333333333353,11.9,shallow,0,245,104,0,"Atka, Alaska",SCEDC-01,0
us6000tgrk,5,0.5208333333333334,10,shallow,0,45,385,1,Tonga,SCEDC-01,6
hv75009922,2.98,0.1,34.02,shallow,0,211,137,0,"Naalehu, Hawaii",CEA-12,9
aka2026oxibnx,2.5,0.0,17.6,shallow,0,232,96,0,"King Cove, Alaska",CEA-12,9
aka2026oxhjrk,2.6,0.020833333333333353,5,shallow,0,240,104,0,"Atka, Alaska",SCEDC-01,9
us6000tgrb,4.3,0.375,245.625,intermediate,1,125,285,0,"Tomohon, Indonesia",CEA-12,4
us6000tgpr,5.4,0.6041666666666667,10,shallow,2,33,449,1,"Rapu-Rapu, Philippines",CEA-12,14
us6000tgu5,2.8,0.062499999999999965,31.237,shallow,0,209,121,0,"Atka, Alaska",PNSN-07,14
us6000tgpj,4.4,0.3958333333333334,17.649,shallow,2,63,298,0,"Valparaíso, Chile",USGS-WEST,4
us6000tgnu,5.1,0.5416666666666666,10,shallow,14,38,405,1,"Casuguran, Philippines",USGS-WEST,0
us6000tgnj,4.2,0.35416666666666674,10,shallow,2,88,272,0,"Mandalay, Burma (Myanmar)",CEA-12,14
us6000tgn1,4.6,0.43749999999999994,10,shallow,0,62,326,0,"Honmachi, Japan",SCEDC-01,0
us6000tgn0,5,0.5208333333333334,69.855,shallow,9,24,387,1,"Balangonan, Philippines",USGS-WEST,10
us6000tgmx,5.3,0.5833333333333334,10,shallow,4,73,434,1,"Tsunagi, Japan",USGS-WEST,13
us6000tgmy,5,0.5208333333333334,60.594,shallow,11,81,389,1,"Balangonan, Philippines",SCEDC-01,15
us6000tgmr,4.1,0.33333333333333326,136.113,intermediate,0,92,259,0,"Rat Islands, Aleutian Islands, Alaska",PNSN-07,10
pr2026210000,3.75,0.2604166666666667,12,shallow,0,283,216,0,"Cruz Bay, U.S. Virgin Islands",PNSN-07,7
us6000thu5,4.6,0.43749999999999994,10,shallow,0,118,326,0,Carlsberg Ridge,PNSN-07,15
us6000tgmj,4.4,0.3958333333333334,10,shallow,0,105,298,0,"Shimabara, Japan",unknown,0
us6000thu3,4.3,0.375,10,shallow,0,188,284,0,"Puerto Madero, Mexico",PNSN-07,0
us6000thu4,4.5,0.4166666666666667,10,shallow,0,156,312,0,"Kirakira, Solomon Islands",CEA-12,15
us6000tgm6,5.1,0.5416666666666666,51.137,shallow,0,57,400,1,South Sandwich Islands region,PNSN-07,13
pr71526613,3.03,0.11041666666666664,96.72,intermediate,0,272,141,0,"San Antonio, Puerto Rico",CEA-12,13
us6000thu2,4.6,0.43749999999999994,10,shallow,0,113,326,0,"Pondaguitan, Philippines",SCEDC-01,2
pr71526598,2.88,0.07916666666666665,29.33,shallow,0,238,128,0,"San Juan, Puerto Rico",PNSN-07,12
ci40663002,2.79,0.060416666666666674,13.12,shallow,1,32,120,0,"Lamont, CA",PNSN-07,14
us6000thu0,4.5,0.4166666666666667,10,shallow,0,118,312,0,"San Vicente, Philippines",PNSN-07,9
us6000tglt,4.5,0.4166666666666667,26.085,shallow,0,138,312,0,Tonga,PNSN-07,8
us6000tglq,4.1,0.33333333333333326,192.484,intermediate,0,52,259,0,"San Pedro de Atacama, Chile",PNSN-07,0
us6000tglr,4.6,0.43749999999999994,10,shallow,0,60,326,0,Tonga,unknown,0
us6000thtv,4.4,0.3958333333333334,27.294,shallow,0,133,298,0,"Koseda, Japan",SCEDC-01,2
us6000tglh,4.4,0.3958333333333334,10,shallow,0,106,298,0,"Aso, Japan",PNSN-07,13
us6000tgla,4.6,0.43749999999999994,10,shallow,0,111,326,0,"Aykol, China",PNSN-07,8
us6000tgml,4,0.3125,10,shallow,0,74,246,0,"Cërrik, Albania",SCEDC-01,13
us6000tgrw,3,0.10416666666666667,100.659,intermediate,0,167,138,0,"Rat Islands, Aleutian Islands, Alaska",SCEDC-01,12
us6000thtt,4.5,0.4166666666666667,10,shallow,0,130,312,0,"Ushuaia, Argentina",SCEDC-01,7
us6000tgkg,4.9,0.5000000000000001,525.916,deep,0,78,369,0,"Levuka, Fiji",CEA-12,1
us6000thts,4.4,0.3958333333333334,24.904,shallow,0,123,298,0,Tonga,CEA-12,0
us6000tgke,4.1,0.33333333333333326,35,shallow,0,188,259,0,"Puerto Madero, Mexico",USGS-WEST,0
us6000tgkd,5.1,0.5416666666666666,10,shallow,0,76,400,1,Tonga,PNSN-07,12
us6000tgk9,4,0.3125,40.393,shallow,0,135,246,0,"Ḩājjīābād, Iran",SCEDC-01,14
us6000tgk6,4.3,0.375,10,shallow,0,182,284,0,"Puerto Madero, Mexico",SCEDC-01,8
aka2026owhqej,2.5,0.0,5.5,shallow,0,182,96,0,"Attu Station, Alaska",USGS-WEST,10
us6000tgk8,5.1,0.5416666666666666,35,shallow,0,120,400,1,Kermadec Islands region,CEA-12,2
us6000tgl0,2.8,0.062499999999999965,10,shallow,0,123,121,0,"Adak, Alaska",USGS-WEST,9
aka2026owgput,2.9,0.08333333333333331,5,shallow,0,22,129,0,"Denali National Park, Alaska",unknown,0
us6000tgky,3.9,0.2916666666666667,8.969,shallow,0,182,234,0,"Attu Station, Alaska",CEA-12,0
nc75407567,3.05,0.1145833333333333,7.76,shallow,11,95,147,0,"Cloverdale, CA",SCEDC-01,8
us6000tgjx,4.8,0.47916666666666663,35,shallow,0,54,354,0,"Abepura, Indonesia",CEA-12,10
nc75407577,4.24,0.36250000000000004,5.92,shallow,240,31,397,0,"Cloverdale, CA",unknown,0
us6000tgjt,4.1,0.33333333333333326,10,shallow,0,129,259,0,"Xihai, China",PNSN-07,0
pr71526538,2.94,0.09166666666666666,11.88,shallow,0,294,133,0,"San Antonio, Puerto Rico",PNSN-07,5
us6000tgkk,2.9,0.08333333333333331,35,shallow,0,221,129,0,"Atka, Alaska",unknown,0
us6000thtl,4.3,0.375,531.303,deep,0,162,284,0,the Fiji Islands,USGS-WEST,0
us6000thtk,4.4,0.3958333333333334,35,shallow,0,126,298,0,"Sarangani, Philippines",PNSN-07,0
us6000thtj,4.3,0.375,35,shallow,0,202,284,0,"La Libertad, El Salvador",USGS-WEST,0
us6000tgje,5.4,0.6041666666666667,10,shallow,0,44,449,1,"Neiafu, Tonga",CEA-12,12
us6000tgjb,4.4,0.3958333333333334,10,shallow,0,136,298,0,"Puerto Madero, Mexico",PNSN-07,13
us6000tgjc,4.9,0.5000000000000001,52.181,shallow,1,93,370,0,"Santa Monica, Philippines",PNSN-07,0
us6000thti,4.1,0.33333333333333326,199.395,intermediate,0,102,259,0,"Looc, Philippines",unknown,0
us6000thth,4.1,0.33333333333333326,229.595,intermediate,0,114,259,0,"Neiafu, Tonga",SCEDC-01,12
hv75009477,3.6,0.22916666666666669,31.11,shallow,5,147,200,0,"Mākena, Hawaii",PNSN-07,6
us6000tgkj,3.1,0.12500000000000003,35,shallow,0,206,148,0,"Attu Station, Alaska",SCEDC-01,1
us6000tiu1,4,0.3125,10,shallow,0,209,246,0,"Puerto Madero, Mexico",PNSN-07,0
us6000tgki,2.9,0.08333333333333331,10,shallow,0,231,129,0,"Nikolski, Alaska",PNSN-07,11
us6000tgiz,4.8,0.47916666666666663,10,shallow,0,126,354,0,"Kokopo, Papua New Guinea",USGS-WEST,2
pr2026209003,3.6,0.22916666666666669,9,shallow,1,215,200,0,"San Antonio, Puerto Rico",CEA-12,9
us6000than,4.1,0.33333333333333326,71.782,intermediate,0,82,259,0,"Lospalos, Timor Leste",USGS-WEST,12
us6000tgie,3.6,0.22916666666666669,10,shallow,0,268,199,0,"Adak, Alaska",CEA-12,12
us6000tgi4,4.3,0.375,531.9,deep,0,102,284,0,the Fiji Islands,PNSN-07,11
us6000thal,4.8,0.47916666666666663,538.648,deep,0,150,354,0,the Fiji Islands,PNSN-07,0
us6000tghp,4.8,0.47916666666666663,10,shallow,0,87,354,0,South Sandwich Islands region,PNSN-07,12
pr2026209002,3.6,0.22916666666666669,10,shallow,0,312,199,0,"The Valley, Anguilla",PNSN-07,10
aka2026ovukdz,3.7,0.25000000000000006,1.6,shallow,1,143,211,0,"Ivanof Bay, Alaska",USGS-WEST,2
aka2026ovuicj,3.5,0.20833333333333334,0.7,shallow,3,48,189,0,"Denali National Park, Alaska",SCEDC-01,1
aka2026ovufno,5,0.5208333333333334,5,shallow,164,23,458,1,"Denali National Park, Alaska",PNSN-07,0
us6000tgsx,2.5,0.0,9.719,shallow,0,186,96,0,"Attu Station, Alaska",PNSN-07,14
us6000tggm,5.4,0.6041666666666667,10,shallow,1,70,449,1,"Panguna, Papua New Guinea",CEA-12,11
us6000tggi,4.9,0.5000000000000001,572.261,deep,0,40,369,0,the Fiji Islands,SCEDC-01,10
us6000tggf,4.7,0.45833333333333337,9.246,shallow,0,45,340,0,"Rodotópi, Greece",USGS-WEST,0
us6000tgsw,2.8,0.062499999999999965,11.386,shallow,0,192,121,0,"Attu Station, Alaska",PNSN-07,13
us6000thak,4.3,0.375,10,shallow,0,182,284,0,"Panguna, Papua New Guinea",USGS-WEST,9
tx2026otilpb,2.5,0.0,6.2537,shallow,0,87,96,0,"Whites City, New Mexico",unknown,0
aka2026ovrxzu,2.5,0.0,131.4,intermediate,0,40,96,0,"Ugashik, Alaska",USGS-WEST,8
us6000tgg2,5,0.5208333333333334,10,shallow,0,89,385,1,"Kirakira, Solomon Islands",SCEDC-01,9
us6000tgg0,4.5,0.4166666666666667,139.094,intermediate,0,65,312,0,"Hihifo, Tonga",CEA-12,13
aka2026ovrjtl,2.5,0.0,32.3,shallow,1,27,96,0,"Meadow Lakes, Alaska",CEA-12,0
aka2026ovrfbe,3.2,0.14583333333333337,16.7,shallow,0,169,158,0,"Pelican, Alaska",unknown,0
us6000thaj,4.2,0.35416666666666674,235.01,intermediate,0,72,271,0,"Madang, Papua New Guinea",PNSN-07,15
us6000tgsj,2.9,0.08333333333333331,41.081,shallow,0,211,129,0,"Akutan, Alaska",unknown,0
us6000tgsf,2.5,0.0,34.799,shallow,0,235,96,0,"Akutan, Alaska",PNSN-07,5
us6000tgse,2.5,0.0,6.113,shallow,0,191,96,0,"Attu Station, Alaska",PNSN-07,11
pr2026209001,3.47,0.2020833333333334,12,shallow,0,171,185,0,"Indios, Puerto Rico",PNSN-07,0
us6000tgsa,3,0.10416666666666667,10,shallow,0,240,138,0,"King Cove, Alaska",PNSN-07,6
us6000tgl9,3,0.10416666666666667,6.867,shallow,0,206,138,0,"Nikolski, Alaska",PNSN-07,1
us6000thah,4.1,0.33333333333333326,322.063,deep,0,138,259,0,Kermadec Islands region,PNSN-07,0
us6000tgs9,2.8,0.062499999999999965,10,shallow,0,252,121,0,"Nikolski, Alaska",SCEDC-01,10
us6000thag,4.2,0.35416666666666674,178.782,intermediate,0,143,271,0,Kermadec Islands region,USGS-WEST,0
us6000tget,4.7,0.45833333333333337,47.279,shallow,0,143,340,0,"Puerto Madero, Mexico",CEA-12,5
aka2026ovkftd,2.6,0.020833333333333353,15.2,shallow,1,196,104,0,"Pelican, Alaska",unknown,0
us6000tgep,4.2,0.35416666666666674,10,shallow,0,92,271,0,"Oula Xiuma, China",SCEDC-01,14
aka2026ovirzc,3.2,0.14583333333333337,37.5,shallow,0,142,158,0,"Akhiok, Alaska",PNSN-07,11
us6000tggd,4.9,0.5000000000000001,10,shallow,0,122,369,0,Drake Passage,USGS-WEST,0
us6000tgez,3.2,0.14583333333333337,10,shallow,0,200,158,0,"Attu Station, Alaska",PNSN-07,7
us6000thae,4,0.3125,10,shallow,0,224,246,0,"Puerto Madero, Mexico",CEA-12,12
us6000thad,4.2,0.35416666666666674,10,shallow,0,161,271,0,"Volcano Islands, Japan region",PNSN-07,2
us6000tgd4,4.8,0.47916666666666663,14.352,shallow,0,70,354,0,"Honmachi, Japan",PNSN-07,6
us6000thab,4.3,0.375,10,shallow,1,154,285,0,"Bodden Town, Cayman Islands",CEA-12,12
us6000tgd1,4.5,0.4166666666666667,10,shallow,45,36,332,0,"East End, Cayman Islands",PNSN-07,1
us6000tha9,4.4,0.3958333333333334,62.529,shallow,0,58,298,0,"Dampit, Indonesia",USGS-WEST,0
us6000tgcx,5.3,0.5833333333333334,15.595,shallow,0,83,432,1,"Puerto Santa, Peru",PNSN-07,6
aka2026ovejth,2.5,0.0,5,shallow,0,283,96,0,"Atka, Alaska",USGS-WEST,10
us6000tgs3,2.8,0.062499999999999965,155.171,intermediate,0,131,121,0,"Nelson Lagoon, Alaska",PNSN-07,2
us6000tgcq,4.6,0.43749999999999994,10,shallow,0,99,326,0,"Uki, Japan",CEA-12,14
us6000tgir,2.7,0.041666666666666706,10,shallow,0,204,112,0,"Atka, Alaska",PNSN-07,12
us6000tha8,4.4,0.3958333333333334,10,shallow,0,108,298,0,"Honmachi, Japan",SCEDC-01,14
us6000tgs1,3.2,0.14583333333333337,10,shallow,0,207,158,0,"Atka, Alaska",unknown,0
us6000tgs0,2.6,0.020833333333333353,10,shallow,0,307,104,0,"Atka, Alaska",SCEDC-01,10
us6000tgck,4.6,0.43749999999999994,10,shallow,0,90,326,0,"Bamboo Flat, India",unknown,0
us6000tha7,4.3,0.375,10,shallow,0,127,284,0,"Mifune, Japan",PNSN-07,3
us6000tgry,2.9,0.08333333333333331,10,shallow,0,220,129,0,"False Pass, Alaska",CEA-12,8
us6000tgkw,2.6,0.020833333333333353,13.732,shallow,0,194,104,0,"Adak, Alaska",USGS-WEST,10
us6000tgle,2.8,0.062499999999999965,10,shallow,0,212,121,0,"Atka, Alaska",PNSN-07,0
us6000tha5,4.5,0.4166666666666667,90.83,intermediate,0,123,312,0,"Finschhafen, Papua New Guinea",PNSN-07,4
us6000tgc8,4.4,0.3958333333333334,10,shallow,0,108,298,0,"Honmachi, Japan",PNSN-07,6
us6000tglb,2.8,0.062499999999999965,10,shallow,0,208,121,0,"Nikolski, Alaska",CEA-12,11
us6000tgc6,4.3,0.375,10,shallow,0,110,284,0,"Uki, Japan",PNSN-07,15
us6000tha4,4.2,0.35416666666666674,10,shallow,0,117,271,0,"Uto, Japan",unknown,0
us6000tgc3,4.7,0.45833333333333337,10,shallow,0,49,340,0,"Oula Xiuma, China",USGS-WEST,15
us6000titx,4.1,0.33333333333333326,10,shallow,0,165,259,0,"Puerto Madero, Mexico",SCEDC-01,0
us6000tgl6,3.9,0.2916666666666667,5.8,shallow,0,194,234,0,"Attu Station, Alaska",USGS-WEST,6
us6000tgbx,4.9,0.5000000000000001,155.549,intermediate,1,35,370,0,"Ciamis, Indonesia",USGS-WEST,9
us6000tgc0,4.2,0.35416666666666674,10,shallow,0,213,271,0,"Puerto Madero, Mexico",SCEDC-01,6
us6000tha1,4.5,0.4166666666666667,10,shallow,0,116,312,0,"Honmachi, Japan",SCEDC-01,1
us6000th9z,4.3,0.375,10,shallow,0,110,284,0,"Honmachi, Japan",PNSN-07,2
us6000tgbn,4.9,0.5000000000000001,10,shallow,0,100,369,0,"Tsunagi, Japan",PNSN-07,7
us6000tgbm,5.6,0.6458333333333333,10,shallow,3,75,485,1,"Honmachi, Japan",PNSN-07,0
us6000tgbk,5.1,0.5416666666666666,10,shallow,0,57,400,1,"Oula Xiuma, China",PNSN-07,6
us6000tgbh,4.3,0.375,10,shallow,0,109,284,0,"Uki, Japan",unknown,0
us6000th9v,4.3,0.375,10,shallow,0,139,284,0,"Uto, Japan",PNSN-07,3
us6000th9w,4.5,0.4166666666666667,10,shallow,0,114,312,0,"Yunomae, Japan",CEA-12,1
us6000tgb9,6.8,0.8958333333333334,10,shallow,95,39,723,1,"The 2026 Kumamoto Region, Japan Earthquake",USGS-WEST,5
us6000tgb4,4.5,0.4166666666666667,132.011,intermediate,0,67,312,0,"Ishqoshim, Tajikistan",unknown,0
pr2026209000,3.75,0.2604166666666667,102,intermediate,0,220,216,0,"La Romana, Dominican Republic",PNSN-07,0
us6000tgcw,3.2,0.14583333333333337,71.76,intermediate,5,161,159,0,"La Tirana, Chile",PNSN-07,0
us6000tgj9,2.5,0.0,35,shallow,0,214,96,0,"Adak, Alaska",unknown,0
us6000tgav,4.8,0.47916666666666663,48.148,shallow,3,123,355,0,"Santa Cruz, Chile",PNSN-07,0
us6000tgaw,5.4,0.6041666666666667,10,shallow,1,53,449,1,"Akureyri, Iceland",CEA-12,15
us6000tgau,5.9,0.7083333333333335,13,shallow,22,86,547,1,"Brisas Barra de Suchiate, Mexico",PNSN-07,15
aka2026ouowvq,2.5,0.0,6,shallow,0,259,96,0,"Sand Point, Alaska",SCEDC-01,5
us6000tgae,5.8,0.6875,10,shallow,0,41,518,1,"Ust’-Kamchatsk Staryy, Russia",PNSN-07,9
us6000tgj6,2.7,0.041666666666666706,10,shallow,0,188,112,0,"Attu Station, Alaska",PNSN-07,15
us6000tgaa,4.2,0.35416666666666674,70.007,intermediate,0,158,271,0,"Puerto El Triunfo, El Salvador",PNSN-07,7
us6000tgj4,2.5,0.0,17.51,shallow,0,302,96,0,"Atka, Alaska",USGS-WEST,12
us6000tga9,5.8,0.6875,10,shallow,1,27,650,1,"Oula Xiuma, China",USGS-WEST,4
us6000tgj2,3.2,0.14583333333333337,14.822,shallow,0,187,158,0,"Attu Station, Alaska",PNSN-07,6
us6000tga6,5.7,0.6666666666666667,10,shallow,1,33,650,1,"Oula Xiuma, China",USGS-WEST,15
pr71526143,3.3,0.16666666666666663,77.62,intermediate,0,182,168,0,"Punta Cana, Dominican Republic",PNSN-07,8
tx2026osawci,3.3,0.16666666666666663,6.4203,shallow,0,66,168,0,"Whites City, New Mexico",PNSN-07,0
tx2026osatzv,2.9,0.08333333333333331,6.5228,shallow,0,66,129,0,"Whites City, New Mexico",SCEDC-01,4
us6000tg9q,4.6,0.43749999999999994,35,shallow,16,46,332,0,"Mendoza, Argentina",SCEDC-01,6
us6000th9p,4.2,0.35416666666666674,94.862,intermediate,0,138,271,0,"Kimbe, Papua New Guinea",SCEDC-01,0
us6000tg9n,5.3,0.5833333333333334,10,shallow,0,19,432,1,southern Mid-Atlantic Ridge,CEA-12,3
us6000tgit,3.7,0.25000000000000006,2.015,shallow,0,226,211,0,"Rat Islands, Aleutian Islands, Alaska",USGS-WEST,10
us6000tgij,2.6,0.020833333333333353,48.327,shallow,0,206,104,0,"Adak, Alaska",PNSN-07,0
us6000tgil,3.1,0.12500000000000003,13.69,shallow,0,206,148,0,"Atka, Alaska",unknown,0
aka2026oufvqk,2.7,0.041666666666666706,3.5,shallow,0,290,112,0,"Atka, Alaska",unknown,0
aka2026oudnkv,2.7,0.041666666666666706,27.1,shallow,0,36,112,0,"Four Mile Road, Alaska",unknown,0
tx2026ortuwy,3.5,0.20833333333333334,9.9121,shallow,4,57,190,0,"Goldsmith, Texas",PNSN-07,15
us6000tg99,4.1,0.33333333333333326,464.461,deep,0,82,259,0,"Bonin Islands, Japan region",unknown,0
us6000tg95,5.1,0.5416666666666666,10,shallow,0,133,400,1,Tonga,PNSN-07,10
us6000th7c,4.9,0.5000000000000001,10,shallow,0,124,369,0,Tonga,PNSN-07,13
us6000tg94,5.3,0.5833333333333334,71.033,intermediate,3,90,433,1,"Baganga, Philippines",USGS-WEST,9
us6000th7b,4.4,0.3958333333333334,35,shallow,0,144,298,0,"Abepura, Indonesia",USGS-WEST,2
us6000tg8x,4.4,0.3958333333333334,144.445,intermediate,0,106,298,0,"Honoria, Peru",CEA-12,7
us6000tg8z,5,0.5208333333333334,10,shallow,0,58,385,1,"Georgetown, Saint Helena",USGS-WEST,13
us6000tghe,2.9,0.08333333333333331,34.838,shallow,0,224,129,0,"Adak, Alaska",PNSN-07,2
us6000th7a,4.4,0.3958333333333334,35,shallow,0,174,298,0,"Noda, Japan",PNSN-07,9
us6000tg8q,4.4,0.3958333333333334,94.191,intermediate,0,154,298,0,"El Pedregal, Peru",PNSN-07,8
us6000tga7,3.7,0.25000000000000006,45.682,shallow,0,182,211,0,"Attu Station, Alaska",SCEDC-01,6
us6000tg7w,4.3,0.375,27.198,shallow,2,109,285,0,"Napier, New Zealand",PNSN-07,12
us6000th76,4.2,0.35416666666666674,10,shallow,0,130,271,0,"Mugia, Spain",unknown,0
us6000th75,4.5,0.4166666666666667,10,shallow,0,88,312,0,western Indian-Antarctic Ridge,unknown,0
us6000tg75,5,0.5208333333333334,10,shallow,0,102,385,1,"Sola, Vanuatu",unknown,0
aka2026otvgnt,2.5,0.0,64.6,shallow,0,52,96,0,"Anchor Point, Alaska",PNSN-07,3
aka2026otvbng,2.6,0.020833333333333353,14.3,shallow,0,205,104,0,"Adak, Alaska",SCEDC-01,2
us6000tg6e,4.4,0.3958333333333334,427.411,deep,0,64,298,0,"Bonin Islands, Japan region",PNSN-07,14
us6000th74,4.5,0.4166666666666667,10,shallow,0,138,312,0,Tonga,PNSN-07,11
us6000tgxq,4.5,0.4166666666666667,10,shallow,0,249,312,0,Tonga,SCEDC-01,3
us6000tg64,4.2,0.35416666666666674,44.837,shallow,0,134,271,0,"Honchō, Japan",CEA-12,6
us6000tg5f,4.5,0.4166666666666667,121.056,intermediate,0,58,312,0,"Ashkāsham, Afghanistan",PNSN-07,6
us6000tg56,4.1,0.33333333333333326,53.862,shallow,4,78,259,0,"Quilpué, Chile",SCEDC-01,0
us6000tgxl,4.5,0.4166666666666667,10,shallow,0,155,312,0,"Burica, Panama",PNSN-07,15
pr71526058,2.54,0.008333333333333342,12.43,shallow,0,202,99,0,"Maria Antonia, Puerto Rico",PNSN-07,0
us6000th72,4.6,0.43749999999999994,10,shallow,0,73,326,0,central Mid-Atlantic Ridge,USGS-WEST,5
us6000tg30,2.5,0.0,10,shallow,1,128,96,0,"Socorro, New Mexico",CEA-12,7
nn00922405,2.96,0.09583333333333333,4.5477,shallow,1,124,135,0,"Silver Springs, Nevada",USGS-WEST,11
nn00922397,3.4,0.1875,12,shallow,5,58,179,0,"Silver Springs, Nevada",unknown,0
us6000tg2v,3.1,0.12500000000000003,10,shallow,0,276,148,0,Oregon,CEA-12,11
us6000tg2t,4.9,0.5000000000000001,10,shallow,0,76,369,0,"Abepura, Indonesia",CEA-12,2
us7000t3pe,4.6,0.43749999999999994,10,shallow,0,121,326,0,"Abepura, Indonesia",CEA-12,15
nc75406687,2.65,0.031249999999999983,1.4,shallow,0,37,108,0,"The Geysers, CA",USGS-WEST,9
nc75406682,2.72,0.04583333333333338,2.03,shallow,4,32,115,0,"The Geysers, CA",CEA-12,15
us6000tgh6,2.8,0.062499999999999965,28.109,shallow,0,228,121,0,"Sand Point, Alaska",SCEDC-01,12
us6000tgh4,3,0.10416666666666667,10,shallow,0,246,138,0,"Chiniak, Alaska",PNSN-07,8
us7000t3p2,5,0.5208333333333334,92.272,intermediate,0,31,385,1,"Kokopo, Papua New Guinea",CEA-12,14
pr71526028,2.95,0.09375000000000004,43.04,shallow,0,306,134,0,"Cruz Bay, U.S. Virgin Islands",CEA-12,13
us6000tg6v,2.8,0.062499999999999965,10,shallow,0,216,121,0,"Nikolski, Alaska",USGS-WEST,2
us6000th6y,4.3,0.375,10,shallow,0,209,284,0,Tonga,PNSN-07,0
aka2026otinoa,2.6,0.020833333333333353,2.1,shallow,0,296,104,0,"Atka, Alaska",PNSN-07,1
us6000tggr,3,0.10416666666666667,10,shallow,0,210,138,0,"Atka, Alaska",PNSN-07,15
us7000t3ng,4.5,0.4166666666666667,113.476,intermediate,0,98,312,0,"Kokopo, Papua New Guinea",USGS-WEST,1
us7000t3n8,2.6,0.020833333333333353,8.507,shallow,1,65,104,0,"Socorro, New Mexico",USGS-WEST,14
aka2026otfopk,2.9,0.08333333333333331,59.5,shallow,0,82,129,0,"Nanwalek, Alaska",PNSN-07,14
us7000t3mw,4.9,0.5000000000000001,122.18,intermediate,0,78,369,0,the Loyalty Islands,CEA-12,13
us7000t3mh,4.6,0.43749999999999994,101.702,intermediate,13,58,330,0,"La Tirana, Chile",PNSN-07,6
us7000t3mg,3.9,0.2916666666666667,35,shallow,0,187,234,0,"Atka, Alaska",PNSN-07,0
us6000th6u,4.4,0.3958333333333334,135.473,intermediate,0,137,298,0,"Tadine, New Caledonia",CEA-12,10
us6000tg90,2.9,0.08333333333333331,19.012,shallow,0,212,129,0,"Nikolski, Alaska",USGS-WEST,6
aka2026otbuir,2.5,0.0,130.3,intermediate,0,33,96,0,"Pedro Bay, Alaska",PNSN-07,13
aka2026otbiqm,2.6,0.020833333333333353,23.9,shallow,0,240,104,0,"Unalaska, Alaska",CEA-12,0
us7000t3m7,5.1,0.5416666666666666,104.251,intermediate,4,55,401,1,"San Pedro de Atacama, Chile",SCEDC-01,12
us7000t3m6,5.3,0.5833333333333334,10,shallow,0,165,432,1,Tonga,SCEDC-01,3
us7000t3m5,5.2,0.5625000000000001,10,shallow,0,67,416,1,Tonga,SCEDC-01,7
pr2026208000,3.84,0.2791666666666667,43,shallow,0,289,227,0,"Cruz Bay, U.S. Virgin Islands",USGS-WEST,0
us6000tg6q,3.1,0.12500000000000003,10,shallow,0,202,148,0,"Attu Station, Alaska",PNSN-07,8
nc75406487,2.96,0.09583333333333333,5.68,shallow,37,42,150,0,"Gilroy, CA",CEA-12,13
us6000th6t,4.4,0.3958333333333334,35,shallow,0,64,298,0,"Ambon, Indonesia",PNSN-07,5
us6000tg8s,2.7,0.041666666666666706,82.917,intermediate,0,194,112,0,"Adak, Alaska",PNSN-07,15
aka2026osvzkj,3.2,0.14583333333333337,85.7,intermediate,0,29,158,0,"Petersville, Alaska",CEA-12,10
us7000t3lr,3.4,0.1875,5,shallow,4,84,179,0,"Segundo, Colorado",CEA-12,2
us6000th6s,4.1,0.33333333333333326,10,shallow,0,135,259,0,Tonga,PNSN-07,13
aka2026osutsm,3,0.10416666666666667,15.4,shallow,8,26,141,0,"Susitna North, Alaska",PNSN-07,4
us7000t3ll,4.8,0.47916666666666663,10,shallow,0,84,354,0,Tonga,PNSN-07,5
us7000t3lm,4.3,0.375,64.81,shallow,0,105,284,0,"Petropavlovsk-Kamchatsky, Russia",SCEDC-01,7
nc75406447,2.8,0.062499999999999965,7.71,shallow,0,242,121,0,"Petrolia, CA",USGS-WEST,10
us6000th6r,4.2,0.35416666666666674,35,shallow,0,121,271,0,"Abepura, Indonesia",SCEDC-01,8
us6000th6q,4.6,0.43749999999999994,10,shallow,0,94,326,0,"Kokopo, Papua New Guinea",unknown,0
us6000tg8n,3.3,0.16666666666666663,62.396,shallow,0,196,168,0,"Adak, Alaska",PNSN-07,12
us7000t3lg,4.6,0.43749999999999994,10,shallow,0,117,326,0,"Kokopo, Papua New Guinea",SCEDC-01,2
us7000t3lb,4.4,0.3958333333333334,83.356,intermediate,4,129,299,0,"Eloy Alfaro, Ecuador",PNSN-07,6
us7000t3lc,4.2,0.35416666666666674,10,shallow,0,146,271,0,western Xizang,unknown,0
us6000th6m,4.6,0.43749999999999994,35,shallow,0,134,326,0,Tonga,SCEDC-01,15
tx2026oqgtjm,2.8,0.062499999999999965,6.0999,shallow,0,70,121,0,"Whites City, New Mexico",USGS-WEST,0
us7000t3l4,4.4,0.3958333333333334,114.785,intermediate,0,59,298,0,"Vallenar, Chile",USGS-WEST,4
us7000t3l3,5.2,0.5625000000000001,10,shallow,0,82,416,1,Tonga,USGS-WEST,13
us6000tg8j,3.5,0.20833333333333334,23.401,shallow,0,186,188,0,"Atka, Alaska",USGS-WEST,4
us7000t3kz,5,0.5208333333333334,10,shallow,0,57,385,1,Tonga,SCEDC-01,15
aka2026osoxdn,2.5,0.0,20,shallow,0,307,96,0,"Atka, Alaska",SCEDC-01,0
us7000t3ky,4.1,0.33333333333333326,112.196,intermediate,0,128,259,0,"Khorugh, Tajikistan",USGS-WEST,4
us6000th6j,4.5,0.4166666666666667,10,shallow,0,140,312,0,Tonga,CEA-12,9
us7000t3kw,4.9,0.5000000000000001,10,shallow,0,67,369,0,Tonga,SCEDC-01,11
us7000t3ku,4.9,0.5000000000000001,10,shallow,0,67,369,0,Tonga,unknown,0
us7000t3kq,4.3,0.375,10,shallow,0,150,284,0,"Río Grande, Panama",PNSN-07,6
us7000t3kn,4.5,0.4166666666666667,22.804,shallow,1,68,312,0,"Yujing, Taiwan",PNSN-07,10
us7000t3kp,4.9,0.5000000000000001,10,shallow,0,62,369,0,South Atlantic Ocean,PNSN-07,9
us7000t3km,5.1,0.5416666666666666,10,shallow,0,67,400,1,Tonga,PNSN-07,15
us6000tg6n,3.1,0.12500000000000003,10,shallow,0,203,148,0,"Attu Station, Alaska",PNSN-07,3
us7000t3kk,4.9,0.5000000000000001,10,shallow,0,67,369,0,Tonga,USGS-WEST,14
us7000t3kj,4.9,0.5000000000000001,10,shallow,0,124,369,0,Tonga,USGS-WEST,14
us7000t3kd,4.7,0.45833333333333337,71.647,intermediate,0,79,340,0,"Hihifo, Tonga",CEA-12,0
us6000tg8c,2.5,0.0,24.942,shallow,0,236,96,0,"Akutan, Alaska",PNSN-07,10
us6000th6c,4.4,0.3958333333333334,10,shallow,0,72,298,0,"Sibolga, Indonesia",SCEDC-01,13
us6000tg88,2.7,0.041666666666666706,76.158,intermediate,0,192,112,0,"Adak, Alaska",PNSN-07,0
aka2026osjmuh,2.5,0.0,18.2,shallow,1,21,96,0,"Chickaloon, Alaska",CEA-12,7
us6000tg85,2.8,0.062499999999999965,10,shallow,0,221,121,0,"Atka, Alaska",USGS-WEST,9
aka2026osjcbv,2.5,0.0,59,shallow,0,225,96,0,"Unalaska, Alaska",PNSN-07,9
us6000ti7i,2.6,0.020833333333333353,6.422,shallow,0,187,104,0,"Atka, Alaska",USGS-WEST,14
aka2026oshais,2.5,0.0,149.2,intermediate,0,36,96,0,"Pedro Bay, Alaska",PNSN-07,0
us6000th0n,4.6,0.43749999999999994,10,shallow,0,67,326,0,South Atlantic Ocean,PNSN-07,14
us7000t3jr,5,0.5208333333333334,10,shallow,0,53,385,1,South Atlantic Ocean,unknown,0
us6000ti6s,3.2,0.14583333333333337,35,shallow,0,203,158,0,"Akutan, Alaska",SCEDC-01,0
us7000t3ji,4.3,0.375,175.13,intermediate,0,75,284,0,"San Antonio de los Cobres, Argentina",PNSN-07,15
us6000ti6m,2.7,0.041666666666666706,10,shallow,0,302,112,0,"Atka, Alaska",SCEDC-01,0
us6000th0m,4.3,0.375,96.762,intermediate,0,154,284,0,"Finschhafen, Papua New Guinea",CEA-12,9
us6000ti6j,2.5,0.0,134.225,intermediate,0,151,96,0,"Adak, Alaska",PNSN-07,6
us6000ti6i,3.1,0.12500000000000003,12.95,shallow,0,207,148,0,"Akutan, Alaska",SCEDC-01,13
us6000ti6h,2.9,0.08333333333333331,35,shallow,0,211,129,0,"Akutan, Alaska",PNSN-07,14
us6000th0l,4.5,0.4166666666666667,10,shallow,0,102,312,0,South Sandwich Islands region,PNSN-07,5
hv75008357,3.03,0.11041666666666664,23.55,shallow,17,92,145,0,"Waikoloa, Hawaii",USGS-WEST,10
us7000t3j7,4.3,0.375,171.75,intermediate,0,62,284,0,"Niños Héroes, Mexico",CEA-12,15
us6000th0i,4.2,0.35416666666666674,35,shallow,0,136,271,0,"Kuril’sk, Russia",unknown,0
aka2026oryrhd,2.5,0.0,5,shallow,0,306,96,0,"Atka, Alaska",USGS-WEST,8
us6000ti58,3.5,0.20833333333333334,35,shallow,0,200,188,0,"Atka, Alaska",USGS-WEST,7
us6000ti57,2.7,0.041666666666666706,35,shallow,0,216,112,0,"Atka, Alaska",USGS-WEST,6
us6000ti55,2.6,0.020833333333333353,35,shallow,0,303,104,0,"Rat Islands, Aleutian Islands, Alaska",PNSN-07,14
aka2026orxgrp,2.5,0.0,5,shallow,0,233,96,0,"Atka, Alaska",PNSN-07,0
us7000t3in,5.4,0.6041666666666667,10,shallow,0,63,449,1,northern Mid-Atlantic Ridge,USGS-WEST,9
us7000t3il,4.4,0.3958333333333334,532.119,deep,0,67,298,0,the Fiji Islands,PNSN-07,1
us6000ti4y,3.2,0.14583333333333337,35,shallow,0,213,158,0,"Atka, Alaska",CEA-12,0
us7000t3ij,4.4,0.3958333333333334,74.15,intermediate,0,134,298,0,Kuril Islands,unknown,0
pr2026207001,3.7,0.25000000000000006,113,intermediate,0,237,211,0,"La Romana, Dominican Republic",PNSN-07,0
us6000th4z,2.7,0.041666666666666706,35,shallow,0,207,112,0,"Akutan, Alaska",CEA-12,2
us6000th4y,3.2,0.14583333333333337,35,shallow,0,210,158,0,"Nikolski, Alaska",USGS-WEST,10
us7000t3ia,4.6,0.43749999999999994,156.081,intermediate,0,45,326,0,"Londres, Argentina",unknown,0
tx2026opmhex,2.8,0.062499999999999965,6.7627,shallow,2,72,121,0,"Claude, Texas",CEA-12,0
us7000t3i7,3.9,0.2916666666666667,35,shallow,0,178,234,0,"Atka, Alaska",PNSN-07,5
us6000th4v,2.6,0.020833333333333353,79.92,intermediate,0,192,104,0,"Adak, Alaska",CEA-12,5
us6000th0f,3.8,0.2708333333333333,10,shallow,0,180,222,0,"Atka, Alaska",PNSN-07,15
us7000t3ib,3.8,0.2708333333333333,10,shallow,0,185,222,0,"Atka, Alaska",CEA-12,15
us6000th4u,2.6,0.020833333333333353,10,shallow,0,305,104,0,"Atka, Alaska",SCEDC-01,11
us6000th4t,3,0.10416666666666667,10,shallow,0,215,138,0,"Atka, Alaska",CEA-12,3
us7000t3hy,4.1,0.33333333333333326,65.586,shallow,0,227,259,0,"Nueva Concepción, Guatemala",CEA-12,9
us6000th4s,2.6,0.020833333333333353,10,shallow,0,299,104,0,"Atka, Alaska",PNSN-07,4
us7000t3hw,4.3,0.375,74.674,intermediate,0,200,284,0,"Nueva Concepción, Guatemala",PNSN-07,0
us6000th0e,4.2,0.35416666666666674,55.058,shallow,0,181,271,0,"Sarangani, Philippines",unknown,0
us6000th4j,2.8,0.062499999999999965,10,shallow,0,211,121,0,"Atka, Alaska",USGS-WEST,14
us6000th0d,3.9,0.2916666666666667,10,shallow,0,183,234,0,"Atka, Alaska",PNSN-07,10
us6000th4i,2.7,0.041666666666666706,40.125,shallow,0,211,112,0,"Adak, Alaska",PNSN-07,4
us7000t3hq,3,0.10416666666666667,5,shallow,0,84,138,0,"Chalkyitsik, Alaska",PNSN-07,6
us7000t3i8,3.2,0.14583333333333337,10,shallow,0,191,158,0,"Attu Station, Alaska",PNSN-07,8
pr71525928,2.57,0.0145833333333333,12.72,shallow,0,171,102,0,"Indios, Puerto Rico",PNSN-07,1
pr2026207000,3.73,0.25625000000000003,77,intermediate,0,275,214,0,"Cruz Bay, U.S. Virgin Islands",USGS-WEST,3
us6000th45,3.4,0.1875,10,shallow,0,197,178,0,"Attu Station, Alaska",CEA-12,1
us7000t3hh,4.2,0.35416666666666674,498.701,deep,0,106,271,0,the Kuril Islands,PNSN-07,1
us7000t3nw,3.3,0.16666666666666663,10,shallow,0,210,168,0,"Atka, Alaska",SCEDC-01,0
us7000t3hd,4.4,0.3958333333333334,35.19,shallow,0,107,298,0,"Atlasovo, Russia",PNSN-07,15
us6000th0p,3.6,0.22916666666666669,10,shallow,0,226,199,0,"Atka, Alaska",PNSN-07,2
us6000th0c,3.6,0.22916666666666669,10,shallow,0,214,199,0,"Atka, Alaska",CEA-12,14
us6000th44,3,0.10416666666666667,10,shallow,0,220,138,0,"Atka, Alaska",SCEDC-01,12
aka2026orobae,3,0.10416666666666667,6.6,shallow,0,67,138,0,"Egegik, Alaska",USGS-WEST,3
us7000t3hl,3.1,0.12500000000000003,10,shallow,9,152,151,0,"Huétor Vega, Spain",USGS-WEST,10
us7000t3h2,4.4,0.3958333333333334,198.68,intermediate,0,59,298,0,"San Antonio de los Cobres, Argentina",unknown,0
us7000t3i6,3.3,0.16666666666666663,10,shallow,0,324,168,0,"Atka, Alaska",USGS-WEST,11
us7000t3gz,4.3,0.375,38.79,shallow,0,129,284,0,"Atka, Alaska",PNSN-07,11
pr71525878,2.89,0.08125000000000003,13.06,shallow,0,265,128,0,"Boquerón, Puerto Rico",PNSN-07,2
us6000th0b,4.5,0.4166666666666667,102.444,intermediate,0,99,312,0,"Port-Vila, Vanuatu",PNSN-07,5
us7000t3gt,4.7,0.45833333333333337,94.522,intermediate,21,25,347,0,"Pinglin, Taiwan",SCEDC-01,12
us6000th0a,4.1,0.33333333333333326,552.367,deep,0,93,259,0,the Fiji Islands,PNSN-07,11
aka2026orklne,2.5,0.0,0.2,shallow,0,222,96,0,"Atka, Alaska",USGS-WEST,12
us6000th09,4.2,0.35416666666666674,10,shallow,0,73,271,0,"Vanimo, Papua New Guinea",CEA-12,14
us6000tghv,3,0.10416666666666667,10,shallow,0,193,138,0,"Attu Station, Alaska",SCEDC-01,8
us6000tghu,3.3,0.16666666666666663,71.424,intermediate,0,177,168,0,"King Cove, Alaska",CEA-12,7
us7000t3g4,5.3,0.5833333333333334,10,shallow,2,35,433,1,"Kupang, Indonesia",CEA-12,5
us6000tght,2.8,0.062499999999999965,10,shallow,0,214,121,0,"Atka, Alaska",unknown,0
us6000tghn,2.8,0.062499999999999965,10,shallow,0,305,121,0,"Atka, Alaska",SCEDC-01,0
us6000tghm,2.7,0.041666666666666706,10,shallow,0,213,112,0,"Atka, Alaska",PNSN-07,15
us6000tghk,2.8,0.062499999999999965,10,shallow,0,308,121,0,"Atka, Alaska",SCEDC-01,9
us6000tghj,2.7,0.041666666666666706,35,shallow,0,200,112,0,"Atka, Alaska",PNSN-07,13
aka2026orgynb,2.5,0.0,7.6,shallow,0,220,96,0,"Atka, Alaska",CEA-12,15
us7000t3fw,4.2,0.35416666666666674,35,shallow,0,174,271,0,"Ocós, Guatemala",PNSN-07,2
us6000tggn,2.9,0.08333333333333331,35,shallow,0,209,129,0,"Atka, Alaska",unknown,0
us6000tgfg,2.9,0.08333333333333331,10,shallow,0,212,129,0,"Atka, Alaska",PNSN-07,5
us6000tgff,3.6,0.22916666666666669,41.236,shallow,0,183,199,0,"Atka, Alaska",PNSN-07,13
us6000tgf6,2.5,0.0,35,shallow,0,231,96,0,"Atka, Alaska",PNSN-07,0
us7000t3fs,4.6,0.43749999999999994,35,shallow,0,149,326,0,"Masachapa, Nicaragua",unknown,0
us6000tgf4,3.7,0.25000000000000006,43.226,shallow,0,195,211,0,"Atka, Alaska",SCEDC-01,3
aka2026orermi,2.6,0.020833333333333353,5.2,shallow,0,297,104,0,"Atka, Alaska",unknown,0
us6000tgar,3,0.10416666666666667,9.235,shallow,0,210,138,0,"Atka, Alaska",PNSN-07,4
us6000tgaq,3.1,0.12500000000000003,10,shallow,0,212,148,0,"Atka, Alaska",PNSN-07,3
aka2026oreijq,2.7,0.041666666666666706,5,shallow,0,296,112,0,"Atka, Alaska",USGS-WEST,2
us6000tgan,3,0.10416666666666667,7.413,shallow,0,295,138,0,"Atka, Alaska",PNSN-07,10
us6000tgam,3.1,0.12500000000000003,10,shallow,0,210,148,0,"Atka, Alaska",unknown,0
aka2026ordzel,2.8,0.062499999999999965,20.8,shallow,0,197,121,0,"Akhiok, Alaska",USGS-WEST,6
us7000t3fn,4.2,0.35416666666666674,121.589,intermediate,0,97,271,0,"Ashkāsham, Afghanistan",PNSN-07,2
us7000t3fm,5.8,0.6875,10,shallow,0,97,518,1,"Atka, Alaska",PNSN-07,9
aka2026orcvvv,2.5,0.0,62.6,shallow,1,30,96,0,"Susitna, Alaska",CEA-12,1
us6000th06,4.4,0.3958333333333334,8.038,shallow,0,150,298,0,"Sarangani, Philippines",PNSN-07,0
us7000t3fc,4.2,0.35416666666666674,28.011,shallow,0,207,271,0,"Riverton, New Zealand",PNSN-07,0
us6000tgag,2.8,0.062499999999999965,10,shallow,0,296,121,0,"Atka, Alaska",PNSN-07,0
us6000th04,4.2,0.35416666666666674,10,shallow,0,173,271,0,"Kokoda, Papua New Guinea",SCEDC-01,14
us7000t3f9,4.4,0.3958333333333334,177.02,intermediate,0,59,298,0,"Khorugh, Tajikistan",USGS-WEST,2
us6000th03,4.4,0.3958333333333334,10,shallow,0,148,298,0,"Petropavlovsk-Kamchatsky, Russia",PNSN-07,3
us7000t3f0,4.4,0.3958333333333334,445.264,deep,0,62,298,0,"Ama, Japan",PNSN-07,10
us6000th02,4.1,0.33333333333333326,117.753,intermediate,0,125,259,0,"Mutsu, Japan",SCEDC-01,1
pr71525843,3.36,0.17916666666666664,39.78,shallow,0,251,174,0,"Suárez, Puerto Rico",unknown,0
us6000th00,4.6,0.43749999999999994,10,shallow,0,72,326,0,"Modisi, Indonesia",CEA-12,14
us6000tgzz,4.4,0.3958333333333334,10,shallow,0,144,298,0,Macquarie Island,CEA-12,4
aka2026oqtolr,2.7,0.041666666666666706,5,shallow,0,274,112,0,"Adak, Alaska",SCEDC-01,0
us6000tgzx,4.7,0.45833333333333337,10,shallow,0,152,340,0,the Kermadec Islands,USGS-WEST,2
tx2026ookght,2.8,0.062499999999999965,6.4941,shallow,7,62,123,0,"Stanton, Texas",PNSN-07,15
aka2026oqtacp,3.5,0.20833333333333334,2.9,shallow,0,213,188,0,"Atka, Alaska",unknown,0
us7000t3eb,4.6,0.43749999999999994,10,shallow,0,58,326,0,"Ubalá, Colombia",USGS-WEST,12
us6000tgzt,3.6,0.22916666666666669,35,shallow,0,207,199,0,"Atka, Alaska",USGS-WEST,8
us7000t3e9,4.1,0.33333333333333326,43.036,shallow,0,173,259,0,"Atka, Alaska",CEA-12,4
us6000tg9i,3.3,0.16666666666666663,10,shallow,0,214,168,0,"Atka, Alaska",USGS-WEST,0
aka2026oqpuby,3,0.10416666666666667,8.2,shallow,0,42,138,0,"Ambler, Alaska",USGS-WEST,11
us7000t3e7,5.3,0.5833333333333334,10,shallow,0,60,432,1,Tristan da Cunha region,SCEDC-01,10
aka2026oqpomb,2.7,0.041666666666666706,7.5,shallow,0,219,112,0,"Atka, Alaska",CEA-12,0
aka2026oqpfqq,2.5,0.0,5.6,shallow,0,228,96,0,"Atka, Alaska",CEA-12,15
us7000t3dx,4.4,0.3958333333333334,10,shallow,0,112,298,0,Greenland Sea,PNSN-07,10
us7000t3dw,4.4,0.3958333333333334,10,shallow,0,138,298,0,"Bardsīr, Iran",USGS-WEST,3
us7000t3dt,4.3,0.375,387.627,deep,0,107,284,0,"Houma, Tonga",USGS-WEST,4
us6000tg6u,3,0.10416666666666667,10,shallow,0,180,138,0,"Attu Station, Alaska",SCEDC-01,1
aka2026oqmeif,2.6,0.020833333333333353,0.9,shallow,0,220,104,0,"Atka, Alaska",PNSN-07,10
us7000t3dp,4.5,0.4166666666666667,55.06,shallow,0,165,312,0,"Severo-Kuril’sk, Russia",CEA-12,14
us7000t3dn,4,0.3125,41.203,shallow,0,185,246,0,"Atka, Alaska",PNSN-07,5
us6000tg6h,3,0.10416666666666667,35,shallow,0,211,138,0,"Atka, Alaska",USGS-WEST,11
us6000tg6g,2.9,0.08333333333333331,35,shallow,0,217,129,0,"Akutan, Alaska",PNSN-07,11
us6000tg6f,2.8,0.062499999999999965,35,shallow,0,218,121,0,"Akutan, Alaska",PNSN-07,1
us7000t3di,4.5,0.4166666666666667,69.714,shallow,0,94,312,0,"Tuensang, India",CEA-12,13
us7000t3dd,3.4,0.1875,9.019,shallow,0,50,178,0,"Pie Town, New Mexico",CEA-12,10
aka2026oqiqcb,2.5,0.0,7.3,shallow,0,299,96,0,"Atka, Alaska",unknown,0
us6000tg67,2.9,0.08333333333333331,35,shallow,0,209,129,0,"Atka, Alaska",USGS-WEST,3
pr71525803,3.08,0.12083333333333335,15.28,shallow,2,185,146,0,"Guánica, Puerto Rico",CEA-12,6
us7000t3d9,4.9,0.5000000000000001,56.081,shallow,0,134,369,0,"Kermadec Islands, New Zealand",PNSN-07,6
us6000tgz9,4.1,0.33333333333333326,46.041,shallow,0,184,259,0,"Champerico, Guatemala",unknown,0
av94333183,3.31,0.16875,15.83,shallow,0,318,169,0,"Adak, Alaska",unknown,0
us6000tg66,2.7,0.041666666666666706,35,shallow,0,210,112,0,"Atka, Alaska",USGS-WEST,14
us7000t3cv,4.9,0.5000000000000001,20.263,shallow,0,110,369,0,"Atka, Alaska",USGS-WEST,6
us6000tgz7,4.6,0.43749999999999994,58.934,shallow,0,115,326,0,South Sandwich Islands region,SCEDC-01,15
uu80146416,3.28,0.16249999999999998,-2.19,shallow,1,155,166,0,"Little America, Wyoming",PNSN-07,11
aka2026oqfnbc,2.5,0.0,28.1,shallow,0,232,96,0,"Adak, Alaska",PNSN-07,12
us6000tg60,2.7,0.041666666666666706,35,shallow,0,253,112,0,"Sand Point, Alaska",unknown,0
us7000t3ce,4.3,0.375,62.346,shallow,0,65,284,0,"Gahkuch, Pakistan",PNSN-07,9
us7000t3c8,4.4,0.3958333333333334,10,shallow,1,79,298,0,"Port McNeill, Canada",unknown,0
us7000t3c6,4.3,0.375,131.342,intermediate,0,111,284,0,"Lospalos, Timor Leste",PNSN-07,13
us6000tgz3,4.3,0.375,10,shallow,0,161,284,0,"Merizo Village, Guam",PNSN-07,6
aka2026opyztl,2.8,0.062499999999999965,16.5,shallow,1,29,121,0,"Willow, Alaska",USGS-WEST,0
tx2026onpsve,2.5,0.0,6.8689,shallow,0,44,96,0,"Jal, New Mexico",USGS-WEST,0
us7000t3bz,4.1,0.33333333333333326,123.957,intermediate,0,88,259,0,"Farkhār, Afghanistan",SCEDC-01,14
us6000tgz2,4.2,0.35416666666666674,519.644,deep,0,107,271,0,"Metinaro, Timor Leste",CEA-12,0
us6000tgz0,4.1,0.33333333333333326,604.707,deep,0,58,259,0,"Levuka, Fiji",unknown,0
us6000tgz1,4.1,0.33333333333333326,116.177,intermediate,0,63,259,0,"Izena, Japan",USGS-WEST,11
us6000tg5l,2.5,0.0,10,shallow,0,173,96,0,"Adak, Alaska",SCEDC-01,0
aka2026opursv,2.5,0.0,77.7,intermediate,0,50,96,0,"Happy Valley, Alaska",CEA-12,12
us7000t3bu,4.3,0.375,79.839,intermediate,0,131,284,0,Kuril Islands,PNSN-07,10
aka2026optnjq,2.5,0.0,8.1,shallow,0,289,96,0,"Nikolski, Alaska",SCEDC-01,9
us6000tgyz,4.1,0.33333333333333326,35.801,shallow,0,118,259,0,"Volcano Islands, Japan region",PNSN-07,11
us6000tg5e,3,0.10416666666666667,10,shallow,0,233,138,0,"Nikolski, Alaska",PNSN-07,14
us6000tgyw,4.4,0.3958333333333334,64.865,shallow,0,80,298,0,"Maan, Philippines",CEA-12,2
us6000tgyv,4.4,0.3958333333333334,114.389,intermediate,0,157,298,0,"Kokopo, Papua New Guinea",PNSN-07,5
tx2026onfbfb,2.6,0.020833333333333353,8.1763,shallow,0,73,104,0,"Toyah, Texas",unknown,0
pr71525758,2.75,0.052083333333333336,16.16,shallow,0,292,116,0,"Stella, Puerto Rico",CEA-12,11
pr2026206000,3.67,0.24375,89,intermediate,0,220,207,0,"Boca de Yuma, Dominican Republic",USGS-WEST,0
tx2026onbnwl,2.8,0.062499999999999965,7.2791,shallow,0,63,121,0,"Toyah, Texas",CEA-12,11
us7000t3bw,3.4,0.1875,10,shallow,0,190,178,0,"Attu Station, Alaska",PNSN-07,1
us6000tgys,4.3,0.375,157.634,intermediate,0,108,284,0,"Sarangani, Philippines",PNSN-07,15
us6000tg2y,2.7,0.041666666666666706,35,shallow,0,295,112,0,"Atka, Alaska",USGS-WEST,1
us6000tgyr,4.1,0.33333333333333326,10,shallow,0,173,259,0,"Al Miqdādīyah, Iraq",USGS-WEST,2
us6000tgyq,4.2,0.35416666666666674,10,shallow,0,66,271,0,"Gerāsh, Iran",PNSN-07,6
us6000tgyp,4.2,0.35416666666666674,35,shallow,0,138,271,0,"Sarangani, Philippines",USGS-WEST,8
us7000t3a4,4.9,0.5000000000000001,53.851,shallow,0,98,369,0,"Sarangani, Philippines",SCEDC-01,5
us7000t3pg,2.6,0.020833333333333353,10,shallow,0,290,104,0,"Atka, Alaska",PNSN-07,14
us7000t3gr,4.6,0.43749999999999994,10,shallow,0,178,326,0,southern Mid-Atlantic Ridge,PNSN-07,0
us7000t3a3,4.4,0.3958333333333334,10,shallow,0,130,298,0,"Santa Genoveva de Docordó, Colombia",CEA-12,15
us7000t3pf,3,0.10416666666666667,35,shallow,0,217,138,0,"Nikolski, Alaska",USGS-WEST,8
us7000t3a2,2.9,0.08333333333333331,10,shallow,0,213,129,0,"Chiniak, Alaska",USGS-WEST,12
aka2026opbpjx,2.6,0.020833333333333353,20,shallow,0,309,104,0,"Atka, Alaska",SCEDC-01,0
us7000t3a0,5.1,0.5416666666666666,35,shallow,6,130,402,1,"Puerto Madero, Mexico",PNSN-07,1
ci40660970,2.95,0.09375000000000004,4.61,shallow,3,44,135,0,"Niland, CA",USGS-WEST,15
ci40660954,2.91,0.0854166666666667,21.26,shallow,0,67,130,0,"Ensenada, B.C., MX",PNSN-07,14
us6000tgyj,4.6,0.43749999999999994,10,shallow,0,199,326,0,Kermadec Islands region,PNSN-07,6
aka2026ooselt,2.5,0.0,19.5,shallow,0,250,96,0,"Unalaska, Alaska",SCEDC-01,3
us6000tgyh,4.4,0.3958333333333334,10,shallow,0,118,298,0,"Tadjourah, Djibouti",PNSN-07,5
pr71525698,2.57,0.0145833333333333,32.88,shallow,0,308,102,0,"San Antonio, Puerto Rico",PNSN-07,3
us7000t38a,5,0.5208333333333334,10,shallow,0,125,385,1,"Port-Olry, Vanuatu",PNSN-07,2
us6000tgqw,4.3,0.375,201.449,intermediate,0,132,284,0,"Umatac Village, Guam",USGS-WEST,8
nc75405277,2.56,0.012500000000000011,4.03,shallow,4,59,102,0,"Lake Davis, CA",PNSN-07,9
us7000t389,4.3,0.375,80.402,intermediate,0,124,284,0,"Tateyama, Japan",PNSN-07,0
us7000t387,5.4,0.6041666666666667,10,shallow,0,99,449,1,"Ushuaia, Argentina",SCEDC-01,5
aka2026ooovne,2.6,0.020833333333333353,19.9,shallow,0,235,104,0,"Adak, Alaska",CEA-12,12
us7000t382,4.9,0.5000000000000001,10,shallow,0,162,369,0,"Sola, Vanuatu",PNSN-07,7
us7000t37m,4.4,0.3958333333333334,10,shallow,5,87,300,0,"Pizzone, Italy",CEA-12,8
us7000t3bv,3.5,0.20833333333333334,10,shallow,0,226,188,0,"Attu Station, Alaska",PNSN-07,0
us7000t37a,6,0.7291666666666667,15,shallow,3,58,555,1,"Sola, Vanuatu",PNSN-07,6
us7000t376,5.1,0.5416666666666666,10,shallow,0,58,400,1,"Sola, Vanuatu",PNSN-07,1
us6000tgqt,4.1,0.33333333333333326,167.118,intermediate,0,184,259,0,"Maug Islands region, Northern Mariana Islands",USGS-WEST,5
us7000t36t,2.7,0.041666666666666706,35,shallow,0,262,112,0,"Sand Point, Alaska",PNSN-07,7
nn00922289,2.65,0.031249999999999983,6.7383,shallow,0,76,108,0,"Hawthorne, Nevada",unknown,0
us6000tgqs,4.1,0.33333333333333326,10,shallow,0,205,259,0,"Kokopo, Papua New Guinea",USGS-WEST,5
us7000t36n,5.3,0.5833333333333334,190.213,intermediate,0,25,432,1,"San Antonio de los Cobres, Argentina",CEA-12,6
us6000tgqr,4.3,0.375,10,shallow,0,70,284,0,"Xylókastro, Greece",USGS-WEST,7
us6000tgqq,4.4,0.3958333333333334,474.692,deep,0,122,298,0,"Houma, Tonga",USGS-WEST,10
us7000t36g,4.9,0.5000000000000001,10,shallow,0,53,369,0,"Sarangani, Philippines",PNSN-07,0
us6000tgqp,4.2,0.35416666666666674,33.578,shallow,0,161,271,0,"Puerto Madero, Mexico",PNSN-07,14
us7000t36e,4.5,0.4166666666666667,35,shallow,0,116,312,0,"Izu Islands, Japan region",PNSN-07,11
us7000t35u,4.5,0.4166666666666667,183.546,intermediate,0,84,312,0,"Las Choapas, Mexico",USGS-WEST,5
us7000t35r,4.9,0.5000000000000001,52.905,shallow,0,72,369,0,"Kotabumi, Indonesia",PNSN-07,0
us7000t35n,5,0.5208333333333334,49.149,shallow,0,67,385,1,"Pangai, Tonga",PNSN-07,3
us6000tgql,4.7,0.45833333333333337,35,shallow,0,123,340,0,"Hihifo, Tonga",SCEDC-01,5
us7000t34g,5.7,0.6666666666666667,10,shallow,74,50,541,1,"Turangi, New Zealand",USGS-WEST,0
us7000t34c,5.1,0.5416666666666666,81.515,intermediate,0,83,400,1,"Ozernovskiy, Russia",USGS-WEST,9
us6000tgqh,4.3,0.375,631.748,deep,0,86,284,0,Fiji region,unknown,0
nn00922278,2.56,0.012500000000000011,6.8002,shallow,0,75,101,0,"Hawthorne, Nevada",USGS-WEST,4
us7000t33w,4.8,0.47916666666666663,10,shallow,0,39,354,0,"Fiambalá, Argentina",PNSN-07,9
us6000tgqf,4.2,0.35416666666666674,10,shallow,0,71,271,0,"Abepura, Indonesia",CEA-12,13
us6000tgqe,4.2,0.35416666666666674,10,shallow,0,94,271,0,"Biak, Indonesia",SCEDC-01,12
us7000t32z,4.7,0.45833333333333337,175.794,intermediate,0,181,340,0,"Luganville, Vanuatu",unknown,0
pr71525658,2.51,0.002083333333333289,6.08,shallow,0,309,97,0,"Cruz Bay, U.S. Virgin Islands",USGS-WEST,1
us7000t31u,4.2,0.35416666666666674,190.671,intermediate,0,84,271,0,Banda Sea,USGS-WEST,6
us7000t31p,4.3,0.375,10,shallow,0,186,284,0,"Puerto Madero, Mexico",PNSN-07,1
pr71525603,2.56,0.012500000000000011,12.31,shallow,0,141,101,0,"Ponce, Puerto Rico",PNSN-07,3
us6000tgqd,4.6,0.43749999999999994,10,shallow,0,83,326,0,"Abepura, Indonesia",SCEDC-01,11
us7000t30v,5.1,0.5416666666666666,10,shallow,0,77,400,1,"Abepura, Indonesia",CEA-12,6
us6000tgqc,4.5,0.4166666666666667,10,shallow,0,88,312,0,"Abepura, Indonesia",SCEDC-01,15
us7000t30r,5.4,0.6041666666666667,10,shallow,0,53,449,1,"Abepura, Indonesia",PNSN-07,7
us7000t30x,2.6,0.020833333333333353,10,shallow,2,170,104,0,"Petritoli, Italy",PNSN-07,1
us6000tgq7,4.6,0.43749999999999994,10,shallow,0,79,326,0,"Abepura, Indonesia",SCEDC-01,11
us6000tgq8,4.6,0.43749999999999994,10,shallow,0,94,326,0,"Abepura, Indonesia",PNSN-07,10
us7000t309,5.3,0.5833333333333334,10,shallow,0,59,432,1,"Abepura, Indonesia",CEA-12,9
us6000tgq4,4.1,0.33333333333333326,48.22,shallow,0,139,259,0,"Ternate, Indonesia",SCEDC-01,5
aka2026onpxkk,2.6,0.020833333333333353,5,shallow,0,283,104,0,"Atka, Alaska",USGS-WEST,15
us6000tgq3,4.3,0.375,162.238,intermediate,0,136,284,0,"Tola, Nicaragua",USGS-WEST,3
tx2026olgiuk,2.7,0.041666666666666706,5.9973,shallow,0,51,112,0,"Toyah, Texas",SCEDC-01,8
us7000t307,4.3,0.375,604.584,deep,0,122,284,0,"Levuka, Fiji",PNSN-07,0
us7000t35y,4.3,0.375,10,shallow,1,164,285,0,"Attu Station, Alaska",CEA-12,11
us6000tg5m,2.7,0.041666666666666706,10,shallow,0,249,112,0,"Adak, Alaska",PNSN-07,3
us7000t2zy,4.3,0.375,10,shallow,0,153,284,0,"La Esperanza (El Zapotal), Mexico",SCEDC-01,9
nn00922257,2.67,0.03541666666666665,7.3908,shallow,0,150,110,0,"Tonopah, Nevada",PNSN-07,5
us6000tgq1,4.2,0.35416666666666674,20.906,shallow,0,133,271,0,"Puerto Madero, Mexico",PNSN-07,9
aka2026onnfpz,2.9,0.08333333333333331,88.3,intermediate,0,45,129,0,"Happy Valley, Alaska",CEA-12,15
pr71525543,3,0.10416666666666667,21.51,shallow,0,268,138,0,"Christiansted, U.S. Virgin Islands",SCEDC-01,10
pr71525533,2.71,0.04375,15.05,shallow,0,197,113,0,"Guánica, Puerto Rico",USGS-WEST,4
us6000tgq0,4.6,0.43749999999999994,10,shallow,0,158,326,0,central Mid-Atlantic Ridge,USGS-WEST,8
us6000tg5h,3.1,0.12500000000000003,35,shallow,0,211,148,0,"Atka, Alaska",unknown,0
us6000tgpz,4.3,0.375,10,shallow,0,100,284,0,Southwest Indian Ridge,PNSN-07,0
us7000t2zt,4.2,0.35416666666666674,578.251,deep,0,122,271,0,"Levuka, Fiji",PNSN-07,13
aka2026onlcjf,2.6,0.020833333333333353,5,shallow,0,273,104,0,"Atka, Alaska",PNSN-07,0
aka2026onkohk,2.7,0.041666666666666706,7.5,shallow,0,133,112,0,"Adak, Alaska",PNSN-07,0
us7000t2ye,5.1,0.5416666666666666,10,shallow,0,72,400,1,Mid-Indian Ridge,USGS-WEST,3
us7000t2xk,4.3,0.375,145.105,intermediate,0,103,284,0,"Palca, Peru",PNSN-07,14
us6000tg38,2.9,0.08333333333333331,10,shallow,0,308,129,0,"Atka, Alaska",SCEDC-01,11
us6000tgpy,4.2,0.35416666666666674,10,shallow,0,103,271,0,"Tual, Indonesia",PNSN-07,12
us7000t2xe,4.1,0.33333333333333326,126.667,intermediate,0,151,259,0,"Jurm, Afghanistan",CEA-12,8
us6000tgpw,4.3,0.375,195.72,intermediate,0,134,284,0,"Santa Clara, Philippines",PNSN-07,6
us6000tgpx,4.2,0.35416666666666674,163.615,intermediate,0,103,271,0,"Gampengrejo, Indonesia",PNSN-07,0
us6000tg32,3.1,0.12500000000000003,10,shallow,0,238,148,0,"Atka, Alaska",CEA-12,0
aka2026onayaw,2.6,0.020833333333333353,2.6,shallow,0,281,104,0,"Adak, Alaska",PNSN-07,4
pr2026205000,4.8,0.47916666666666663,9,shallow,227,176,448,0,"San Antonio, Puerto Rico",PNSN-07,0
us7000t39l,2.7,0.041666666666666706,26.623,shallow,0,219,112,0,"Nikolski, Alaska",PNSN-07,0
aka2026omynku,2.5,0.0,22.8,shallow,0,231,96,0,"Adak, Alaska",SCEDC-01,5
aka2026omyhen,2.5,0.0,18.3,shallow,0,275,96,0,"Nikolski, Alaska",PNSN-07,4
us7000t39g,3,0.10416666666666667,35,shallow,0,213,138,0,"Atka, Alaska",USGS-WEST,0
us7000t2wx,5.1,0.5416666666666666,10,shallow,0,139,400,1,"Adak, Alaska",SCEDC-01,9
us7000t2ww,3.1,0.12500000000000003,10,shallow,0,258,148,0,"Ferndale, California",USGS-WEST,7
pr71525508,3.06,0.11666666666666668,7.85,shallow,2,313,145,0,"San Antonio, Puerto Rico",PNSN-07,6
us7000t2wu,4.4,0.3958333333333334,143.852,intermediate,0,110,298,0,"Lospalos, Timor Leste",PNSN-07,0
us7000t2ws,4.9,0.5000000000000001,35,shallow,0,69,369,0,South Sandwich Islands region,USGS-WEST,12
us7000t39a,3.5,0.20833333333333334,10,shallow,0,195,188,0,"Attu Station, Alaska",SCEDC-01,4
us7000t2wp,4.2,0.35416666666666674,10,shallow,13,39,278,0,"Schottwien, Austria",CEA-12,15
us7000t38y,3,0.10416666666666667,35,shallow,0,208,138,0,"Atka, Alaska",CEA-12,6
us6000tgpe,4.4,0.3958333333333334,10,shallow,0,63,298,0,"Abepura, Indonesia",PNSN-07,2
aka2026omtnkx,2.9,0.08333333333333331,20,shallow,0,309,129,0,"Atka, Alaska",USGS-WEST,1
us6000tgpc,4.2,0.35416666666666674,10,shallow,0,181,271,0,"Puerto Madero, Mexico",unknown,0
us7000t2w3,5.7,0.6666666666666667,42.513,shallow,3,40,501,1,"Ternate, Indonesia",PNSN-07,11
us7000t2w2,4.7,0.45833333333333337,243.118,intermediate,0,37,340,0,"Santa Domenica, Italy",PNSN-07,5
us7000t2w1,4.7,0.45833333333333337,10,shallow,0,86,340,0,"Sumatra, Indonesia",PNSN-07,4
aka2026omrugy,2.5,0.0,77,intermediate,0,84,96,0,"Anchor Point, Alaska",unknown,0
us7000t2vx,4.5,0.4166666666666667,10,shallow,0,209,312,0,"Puerto Madero, Mexico",CEA-12,5
us7000t38s,2.8,0.062499999999999965,46.99,shallow,0,221,121,0,"Rat Islands, Aleutian Islands, Alaska",USGS-WEST,14
us6000tgp9,4.4,0.3958333333333334,156.637,intermediate,0,98,298,0,"Bandar, Indonesia",PNSN-07,15
aka2026ompvkp,2.5,0.0,0.5,shallow,0,154,96,0,"Nikolski, Alaska",SCEDC-01,0
aka2026ompmvz,2.5,0.0,36,shallow,0,236,96,0,"Nikolski, Alaska",PNSN-07,0
aka2026ompdjf,3.1,0.12500000000000003,70.8,intermediate,0,119,148,0,"Chignik, Alaska",PNSN-07,13
us6000tgp6,4.4,0.3958333333333334,10,shallow,0,62,298,0,"Abepura, Indonesia",SCEDC-01,2
us6000tgp7,4.4,0.3958333333333334,10,shallow,0,62,298,0,"Abepura, Indonesia",SCEDC-01,11
us7000t2v2,4.5,0.4166666666666667,500.228,deep,0,62,312,0,"Levuka, Fiji",SCEDC-01,0
us6000tgp5,4.4,0.3958333333333334,10,shallow,0,93,298,0,"Abepura, Indonesia",PNSN-07,8
us7000t2uz,4.8,0.47916666666666663,10,shallow,0,37,354,0,"Abepura, Indonesia",SCEDC-01,0
us7000t2up,4.5,0.4166666666666667,552.116,deep,0,194,312,0,"Levuka, Fiji",PNSN-07,0
us7000t2ug,4.2,0.35416666666666674,10,shallow,2,154,272,0,"Port Orford, Oregon",CEA-12,3
aka2026omjywj,2.6,0.020833333333333353,36.4,shallow,0,231,104,0,"Nikolski, Alaska",SCEDC-01,12
us7000t2ue,4.3,0.375,79.625,intermediate,0,97,284,0,"Severo-Kuril’sk, Russia",USGS-WEST,1
pr71525468,2.96,0.09583333333333333,7.32,shallow,0,333,135,0,"Tierras Nuevas Poniente, Puerto Rico",SCEDC-01,0
us7000t38j,2.6,0.020833333333333353,56.524,shallow,0,209,104,0,"Akutan, Alaska",CEA-12,10
us6000tgp3,4,0.3125,54.334,shallow,0,187,246,0,"Pyay, Burma (Myanmar)",CEA-12,5
pr2026204000,3.54,0.21666666666666667,37,shallow,0,287,193,0,"Cruz Bay, U.S. Virgin Islands",SCEDC-01,4
us7000t2u4,4.5,0.4166666666666667,153.262,intermediate,1,38,312,0,"Jordán, Colombia",PNSN-07,15
us6000tgp1,4.2,0.35416666666666674,61.584,shallow,0,144,271,0,"Petropavlovsk-Kamchatsky, Russia",CEA-12,10
tx2026ojysxv,3.9,0.2916666666666667,7.7393,shallow,8,51,237,0,"Westbrook, Texas",SCEDC-01,14
aka2026omgslv,2.5,0.0,22,shallow,0,239,96,0,"Atka, Alaska",PNSN-07,0
ci40660218,3.24,0.15416666666666673,14.73,shallow,9,70,164,0,"Brawley, CA",PNSN-07,15
us7000t385,2.9,0.08333333333333331,10,shallow,0,259,129,0,"Sand Point, Alaska",SCEDC-01,14
us6000tgnx,4.2,0.35416666666666674,587.335,deep,0,122,271,0,"Levuka, Fiji",unknown,0
us7000t2tf,4.5,0.4166666666666667,28.723,shallow,0,181,312,0,"La Esperanza (El Zapotal), Mexico",SCEDC-01,1
us7000t383,3.3,0.16666666666666663,35,shallow,0,207,168,0,"Atka, Alaska",PNSN-07,14
us6000tgnv,4.6,0.43749999999999994,10,shallow,0,144,326,0,"Merizo Village, Guam",PNSN-07,13
us6000tgnw,4.3,0.375,146.197,intermediate,0,115,284,0,"Piedecuesta, Colombia",SCEDC-01,1
us7000t2uy,2.8,0.062499999999999965,35,shallow,0,215,121,0,"Atka, Alaska",CEA-12,0
us7000t2t9,4.6,0.43749999999999994,198.532,intermediate,0,92,326,0,"Lata, Solomon Islands",SCEDC-01,8
tx2026ojshuv,2.7,0.041666666666666706,5.2795,shallow,0,34,112,0,"Jal, New Mexico",PNSN-07,0
aka2026olzmfd,2.5,0.0,0.7,shallow,2,33,97,0,"Susitna North, Alaska",USGS-WEST,7
us7000t2pg,4.5,0.4166666666666667,10,shallow,0,120,312,0,"Isangel, Vanuatu",SCEDC-01,7
us7000t2p8,4,0.3125,383.511,deep,0,120,246,0,"Kushimoto, Japan",SCEDC-01,0
us7000t380,3.1,0.12500000000000003,35,shallow,0,216,148,0,"Atka, Alaska",USGS-WEST,11
us7000t2p7,5,0.5208333333333334,35,shallow,0,158,385,1,"Champerico, Guatemala",SCEDC-01,10
aka2026olyovr,2.6,0.020833333333333353,129.4,intermediate,0,72,104,0,"Pedro Bay, Alaska",USGS-WEST,15
us7000t37x,3.2,0.14583333333333337,29.61,shallow,0,203,158,0,"Adak, Alaska",unknown,0
us7000t2p3,4.7,0.45833333333333337,10,shallow,0,92,340,0,"Ovalle, Chile",PNSN-07,15
us7000t2p1,4.9,0.5000000000000001,321.081,deep,0,36,369,0,"Pagan region, Northern Mariana Islands",CEA-12,3
us7000t2nz,4.6,0.43749999999999994,10,shallow,0,158,326,0,"Champerico, Guatemala",PNSN-07,4
aka2026oltkex,2.5,0.0,2.1,shallow,0,266,96,0,"Nikolski, Alaska",USGS-WEST,12
tx2026ojlaky,5,0.5208333333333334,5.6885,shallow,499,71,714,1,"Spearman, Texas",PNSN-07,4
aka2026olslps,2.7,0.041666666666666706,20,shallow,0,301,112,0,"Atka, Alaska",SCEDC-01,8
us7000t37q,3.8,0.2708333333333333,35,shallow,0,213,222,0,"Atka, Alaska",unknown,0
us7000t2n5,5.1,0.5416666666666666,35,shallow,0,107,400,1,"Atka, Alaska",PNSN-07,5
us7000t2n3,5.1,0.5416666666666666,10,shallow,0,62,400,1,"Tatsugō, Japan",PNSN-07,11
uu80146096,2.62,0.025000000000000022,2.77,shallow,0,62,106,0,"Panguitch, Utah",CEA-12,0
ci40659962,2.73,0.04791666666666666,11.49,shallow,1,37,115,0,"Brawley, CA",unknown,0
ci40659938,2.77,0.05625000000000001,15.51,shallow,0,37,118,0,"Brawley, CA",PNSN-07,10
ci40659914,3.25,0.15625,15.83,shallow,9,35,165,0,"Imperial, CA",PNSN-07,0
uu80146091,2.6,0.020833333333333353,4.88,shallow,0,45,104,0,"Circleville, Utah",CEA-12,10
us7000t2ms,4.4,0.3958333333333334,10,shallow,0,69,298,0,"Dogonbadan, Iran",PNSN-07,9
us7000t2mq,4.2,0.35416666666666674,36.464,shallow,0,146,271,0,"Valparaíso, Chile",SCEDC-01,0
ci40659802,3.61703988682385,0.2327166430883021,9.36,shallow,39,36,214,0,"Brawley, CA",USGS-WEST,0
ci40659794,3.07,0.11874999999999997,9.87,shallow,0,37,145,0,"Brawley, CA",SCEDC-01,14
ci40659722,2.97,0.09791666666666671,9.78,shallow,4,37,137,0,"Brawley, CA",PNSN-07,9
us7000t2mc,4.6,0.43749999999999994,42.809,shallow,0,138,326,0,"Atka, Alaska",CEA-12,14
us7000t2ma,4.2,0.35416666666666674,10,shallow,0,206,271,0,"La Esperanza (El Zapotal), Mexico",CEA-12,5
us7000t2mi,5.1,0.5416666666666666,10,shallow,0,75,400,1,central Mid-Atlantic Ridge,PNSN-07,1
us7000t37i,3.9,0.2916666666666667,225.614,intermediate,0,125,234,0,"Nikolski, Alaska",SCEDC-01,12
us7000t2lg,4.6,0.43749999999999994,69.909,shallow,0,116,326,0,"Mawlaik, Burma (Myanmar)",PNSN-07,11
uu80146066,3.23,0.15208333333333335,5.23,shallow,6,105,163,0,"Bennington, Idaho",PNSN-07,2
us6000tgnd,4.4,0.3958333333333334,10,shallow,0,73,298,0,"Abepura, Indonesia",CEA-12,6
us7000t2l3,4.6,0.43749999999999994,51.662,shallow,0,139,326,0,"Puerto Casma, Peru",SCEDC-01,10
us7000t2ku,4.7,0.45833333333333337,119.099,intermediate,0,138,340,0,"Iray, Peru",PNSN-07,11
us6000tgnc,4.2,0.35416666666666674,10,shallow,0,70,271,0,"Agats, Indonesia",USGS-WEST,0
us7000t2ki,4.1,0.33333333333333326,10,shallow,0,127,259,0,"Puerto Peñasco, Mexico",PNSN-07,12
us7000t2kg,4.7,0.45833333333333337,96.05,intermediate,0,62,340,0,"Calama, Chile",SCEDC-01,5
aka2026olatno,3,0.10416666666666667,20,shallow,0,304,138,0,"Atka, Alaska",PNSN-07,4
nc75404007,2.64,0.029166666666666695,4.25,shallow,417,28,266,0,"San Leandro, CA",CEA-12,0
us6000tgn6,4.1,0.33333333333333326,10,shallow,0,207,259,0,"Ocós, Guatemala",PNSN-07,1
us7000t378,2.8,0.062499999999999965,35,shallow,0,230,121,0,"Nikolski, Alaska",PNSN-07,9
us6000tgn4,4.1,0.33333333333333326,10,shallow,0,110,259,0,Mariana Islands region,SCEDC-01,6
us6000tgn5,4.1,0.33333333333333326,10,shallow,0,145,259,0,"Saipan, Northern Mariana Islands",PNSN-07,0
us6000tgeh,4.2,0.35416666666666674,56.934,shallow,0,140,271,0,"Bengkulu, Indonesia",PNSN-07,0
aka2026okxiia,2.7,0.041666666666666706,25.9,shallow,0,263,112,0,"Akhiok, Alaska",USGS-WEST,6
us7000t2jt,2.6,0.020833333333333353,5,shallow,0,49,104,0,"Yakutat, Alaska",unknown,0
us7000t2jk,4.9,0.5000000000000001,61.949,shallow,0,48,369,0,"Hihifo, Tonga",CEA-12,0
pr71525343,2.62,0.025000000000000022,11.4,shallow,0,181,106,0,"Maria Antonia, Puerto Rico",PNSN-07,15
us7000t2jh,4.9,0.5000000000000001,10,shallow,0,114,369,0,"Sola, Vanuatu",PNSN-07,0
pr71525333,2.66,0.03333333333333337,11.76,shallow,0,179,109,0,"Maria Antonia, Puerto Rico",SCEDC-01,1
us6000tgeg,4.3,0.375,501.375,deep,0,132,284,0,Fiji region,PNSN-07,0
us7000t2j3,5.1,0.5416666666666666,22.112,shallow,0,137,400,1,"Kermadec Islands, New Zealand",SCEDC-01,4
pr71525323,3.32,0.1708333333333333,9.66,shallow,0,184,170,0,"San Antonio, Puerto Rico",PNSN-07,8
us7000t2iy,4.1,0.33333333333333326,27.376,shallow,0,59,259,0,"Hualien City, Taiwan",unknown,0
us6000tgee,4.3,0.375,10,shallow,0,125,284,0,"Kundiawa, Papua New Guinea",CEA-12,8
hv75006537,2.85,0.07291666666666669,31.62,shallow,2,81,125,0,"Pāhala, Hawaii",SCEDC-01,10
us7000t2ig,4.9,0.5000000000000001,35,shallow,0,81,369,0,"Kermadec Islands, New Zealand",PNSN-07,13
us6000tged,4.3,0.375,10,shallow,0,79,284,0,"Pototano, Indonesia",CEA-12,10
aka2026okoeco,3.1,0.12500000000000003,6.5,shallow,0,254,148,0,"Akhiok, Alaska",PNSN-07,1
aka2026okobqy,2.8,0.062499999999999965,5.2,shallow,0,271,121,0,"Akhiok, Alaska",CEA-12,11
us7000t2hm,4.8,0.47916666666666663,339.784,deep,0,35,354,0,Kermadec Islands region,PNSN-07,0
us6000tgeb,4.2,0.35416666666666674,340.53,deep,0,43,271,0,"Lospalos, Timor Leste",PNSN-07,9
aka2026okmwzn,4.9,0.5000000000000001,16.2,shallow,1,158,370,0,"Akhiok, Alaska",PNSN-07,9
us6000tge9,4,0.3125,10,shallow,0,178,246,0,"Puerto Madero, Mexico",SCEDC-01,2
us6000tgea,4.1,0.33333333333333326,32.964,shallow,0,193,259,0,"Banda Aceh, Indonesia",unknown,0
us6000tge7,4.1,0.33333333333333326,36.274,shallow,0,177,259,0,"Noda, Japan",USGS-WEST,0
us6000tge6,4,0.3125,10,shallow,0,166,246,0,"Blangpidie, Indonesia",CEA-12,3
us7000t2h9,4.8,0.47916666666666663,111.515,intermediate,0,49,354,0,"San Pedro de Atacama, Chile",CEA-12,7
nn00922179,3.5,0.20833333333333334,14,shallow,6,87,190,0,"Yerington, Nevada",unknown,0
aka2026oklcpr,2.5,0.0,14.7,shallow,0,255,96,0,"Sand Point, Alaska",SCEDC-01,0
us7000t2h5,3.2,0.14583333333333337,10,shallow,0,203,158,0,"Chiniak, Alaska",CEA-12,8
us7000t2h4,4.3,0.375,10,shallow,0,126,284,0,"Brisas Barra de Suchiate, Mexico",PNSN-07,9
us7000t2gx,4.9,0.5000000000000001,35,shallow,0,134,369,0,"Kermadec Islands, New Zealand",unknown,0
us7000t2gq,4.9,0.5000000000000001,41.523,shallow,0,193,369,0,"Kermadec Islands, New Zealand",USGS-WEST,6
us7000t2gh,4.9,0.5000000000000001,10,shallow,0,41,369,0,"Abepura, Indonesia",SCEDC-01,0
us6000tge1,4.2,0.35416666666666674,10,shallow,0,119,271,0,"Pototano, Indonesia",USGS-WEST,1
us6000tge0,4.3,0.375,23.409,shallow,0,187,284,0,"Burias, Philippines",PNSN-07,2
aka2026okblgo,2.7,0.041666666666666706,7.3,shallow,0,282,112,0,"Nikolski, Alaska",SCEDC-01,13
us6000tgdy,4.4,0.3958333333333334,171.415,intermediate,0,106,298,0,"Merizo Village, Guam",SCEDC-01,12
us7000t2g2,4.2,0.35416666666666674,10,shallow,0,160,271,0,"Puerto Madero, Mexico",unknown,0
us7000t2g0,4.6,0.43749999999999994,123.346,intermediate,0,62,326,0,"San Pedro de Atacama, Chile",PNSN-07,15
us7000t2fx,4.3,0.375,118.333,intermediate,0,39,284,0,"Calama, Chile",PNSN-07,1
us7000t2fy,4.5,0.4166666666666667,38.874,shallow,0,134,312,0,"Tomioka, Japan",CEA-12,3
aka2026ojysvm,2.5,0.0,121.4,intermediate,0,44,96,0,"Happy Valley, Alaska",PNSN-07,5
us6000tgdw,4.4,0.3958333333333334,35,shallow,0,189,298,0,"Noda, Japan",USGS-WEST,11
us7000t2fu,4.7,0.45833333333333337,105.698,intermediate,0,44,340,0,"Finschhafen, Papua New Guinea",SCEDC-01,4
us7000t37e,2.6,0.020833333333333353,27.611,shallow,0,217,104,0,"Adak, Alaska",USGS-WEST,5
us6000tgdu,4.3,0.375,10,shallow,0,106,284,0,"Petropavlovsk-Kamchatsky, Russia",PNSN-07,14
pr71525293,3.03,0.11041666666666664,7.78,shallow,0,293,141,0,"Pole Ojea, Puerto Rico",CEA-12,2
us6000tgdv,4.4,0.3958333333333334,35,shallow,0,158,298,0,"Maasim, Philippines",PNSN-07,0
us7000t2fq,4.5,0.4166666666666667,10,shallow,0,199,312,0,"Puerto Madero, Mexico",USGS-WEST,0
us6000tgdt,4.5,0.4166666666666667,10,shallow,0,91,312,0,"Caluula, Somalia",PNSN-07,7
us7000t2fk,4.3,0.375,38.185,shallow,0,185,284,0,"Puerto Madero, Mexico",PNSN-07,3
us7000t2fj,5,0.5208333333333334,64.111,shallow,4,46,386,1,"Balangonan, Philippines",CEA-12,7
us7000t2fd,4.9,0.5000000000000001,10,shallow,0,131,369,0,"Vallenar, Chile",SCEDC-01,0
us7000t36c,2.7,0.041666666666666706,7.088,shallow,0,238,112,0,"Akutan, Alaska",PNSN-07,15
tx2026ohmvlr,2.5,0.0,7.3975,shallow,0,69,96,0,"Garden City, Texas",CEA-12,12
us7000t2f3,4.1,0.33333333333333326,54.783,shallow,0,164,259,0,"Puerto Madero, Mexico",PNSN-07,15
us7000t2f2,4.1,0.33333333333333326,92.523,intermediate,0,163,259,0,"Severo-Kuril’sk, Russia",PNSN-07,9
us6000tgdq,4.2,0.35416666666666674,52.551,shallow,0,156,271,0,"Isangel, Vanuatu",SCEDC-01,14
us7000t2ei,4.9,0.5000000000000001,10,shallow,0,60,369,0,"Abepura, Indonesia",CEA-12,10
aka2026ojoxkq,2.8,0.062499999999999965,108.5,intermediate,1,34,121,0,"Skwentna, Alaska",PNSN-07,9
uu80145961,2.99,0.10208333333333339,-1.92,shallow,7,106,140,0,"Bennington, Idaho",PNSN-07,15
us6000tgdp,4.4,0.3958333333333334,487.81,deep,0,101,298,0,the Fiji Islands,unknown,0
us7000t2e4,3.9,0.2916666666666667,10,shallow,0,261,234,0,"Bandon, Oregon",PNSN-07,3
us7000t2dz,5,0.5208333333333334,10,shallow,4,59,386,1,"Langsa, Indonesia",SCEDC-01,11
us7000t2dw,4,0.3125,35,shallow,0,208,246,0,"Puerto Madero, Mexico",USGS-WEST,2
us7000t2dv,4.6,0.43749999999999994,35,shallow,0,135,326,0,"Kuril’sk, Russia",USGS-WEST,3
us7000t360,2.9,0.08333333333333331,18.029,shallow,0,222,129,0,"Nikolski, Alaska",unknown,0
aka2026ojigbg,3,0.10416666666666667,127,intermediate,0,36,138,0,"Ninilchik, Alaska",CEA-12,4
us7000t2dg,4.7,0.45833333333333337,61.498,shallow,17,137,346,0,"Cuya, Chile",CEA-12,13
us7000t2dd,4.1,0.33333333333333326,35,shallow,1,143,259,0,"Antofagasta, Chile",PNSN-07,2
us6000tgdg,4.5,0.4166666666666667,10,shallow,0,100,312,0,South Sandwich Islands region,unknown,0
tx2026oguydd,2.6,0.020833333333333353,6.7151,shallow,0,48,104,0,"Jal, New Mexico",unknown,0
us6000tg4s,4.2,0.35416666666666674,287.382,intermediate,0,154,271,0,"Volcano Islands, Japan region",PNSN-07,8
us7000t2cl,4.4,0.3958333333333334,115.636,intermediate,0,99,298,0,"Bāzārak, Afghanistan",CEA-12,12
us6000tg4r,4.5,0.4166666666666667,10,shallow,0,243,312,0,the Kermadec Islands,PNSN-07,0
aka2026oizpwh,2.8,0.062499999999999965,9.4,shallow,0,103,121,0,"Karluk, Alaska",unknown,0
us7000t2c9,4.8,0.47916666666666663,151.31,intermediate,0,104,354,0,"Port-Vila, Vanuatu",CEA-12,11
us7000t2c5,4.2,0.35416666666666674,10,shallow,0,202,271,0,"Puerto Madero, Mexico",PNSN-07,2
us6000tg4h,4.3,0.375,78.634,intermediate,0,123,284,0,"Gamut, Philippines",PNSN-07,15
us6000tg4j,4,0.3125,14.049,shallow,0,83,246,0,"Abepura, Indonesia",CEA-12,7
us6000tg4g,4.5,0.4166666666666667,27.924,shallow,0,110,312,0,"Panguna, Papua New Guinea",PNSN-07,4
us7000t2az,4.8,0.47916666666666663,10,shallow,0,84,354,0,"Isangel, Vanuatu",USGS-WEST,15
us6000tg4f,4.4,0.3958333333333334,10,shallow,0,105,298,0,"Isangel, Vanuatu",SCEDC-01,0
us7000t2ak,4.2,0.35416666666666674,10,shallow,0,106,271,0,"Tawang, India",CEA-12,0
us7000t2ab,3.5,0.20833333333333334,10,shallow,0,273,188,0,"Bandon, Oregon",PNSN-07,6
us6000tg4d,4.3,0.375,10,shallow,0,206,284,0,"Puerto Madero, Mexico",CEA-12,0
us7000t2a7,5.1,0.5416666666666666,63.677,shallow,2,38,401,1,"Sugal, Philippines",CEA-12,10
us7000t2a5,4.6,0.43749999999999994,10,shallow,2,162,326,0,"Bandon, Oregon",CEA-12,0
aka2026oirmza,3.1,0.12500000000000003,104.6,intermediate,0,51,148,0,"Happy Valley, Alaska",unknown,0
us7000t2a3,4.3,0.375,36.874,shallow,0,192,284,0,"Puerto Madero, Mexico",CEA-12,4
us7000t2e7,4.7,0.45833333333333337,10,shallow,0,81,340,0,"Santa Cruz das Flores, Portugal",PNSN-07,5
us7000t29t,4.7,0.45833333333333337,35,shallow,0,79,340,0,"Puerto Santa, Peru",USGS-WEST,10
us6000tg4b,4.5,0.4166666666666667,10,shallow,0,149,312,0,"Santa Cruz da Graciosa, Portugal",CEA-12,0
us7000t29r,4.6,0.43749999999999994,10,shallow,0,127,326,0,"Ushuaia, Argentina",CEA-12,5
us7000t28f,4.1,0.33333333333333326,114.189,intermediate,0,59,259,0,"Ollagüe, Chile",SCEDC-01,13
aka2026oinsma,2.6,0.020833333333333353,8.1,shallow,0,205,104,0,"Adak, Alaska",PNSN-07,3
us7000t2w5,3.3,0.16666666666666663,10,shallow,0,185,168,0,"Attu Station, Alaska",CEA-12,2
us6000tg4a,4,0.3125,600.84,deep,0,198,246,0,the Fiji Islands,PNSN-07,6
us7000t26u,4.4,0.3958333333333334,259.857,intermediate,0,79,298,0,"Isangel, Vanuatu",SCEDC-01,12
us7000t26t,4.4,0.3958333333333334,10,shallow,0,206,298,0,"Puerto Madero, Mexico",SCEDC-01,10
us6000tg48,4.2,0.35416666666666674,10,shallow,0,205,271,0,"Puerto Madero, Mexico",CEA-12,15
us7000t26m,4.3,0.375,167.796,intermediate,0,63,284,0,"Fiambalá, Argentina",PNSN-07,12
us7000t2vv,3.1,0.12500000000000003,10,shallow,0,246,148,0,"Atka, Alaska",SCEDC-01,0
us7000t26k,4.6,0.43749999999999994,10,shallow,0,60,326,0,"San Rafael, Philippines",CEA-12,3
us6000tg46,4.5,0.4166666666666667,10,shallow,0,114,312,0,"Santa Cruz das Flores, Portugal",CEA-12,10
us7000t26j,4.7,0.45833333333333337,10,shallow,0,46,340,0,"Abepura, Indonesia",CEA-12,10
us6000tg45,4.5,0.4166666666666667,10,shallow,0,144,312,0,"Santa Cruz das Flores, Portugal",PNSN-07,12
us6000tg44,4.3,0.375,10,shallow,0,83,284,0,"Santa Cruz das Flores, Portugal",PNSN-07,14
us6000tg4u,4.8,0.47916666666666663,10,shallow,0,66,354,0,"Santa Cruz da Graciosa, Portugal",PNSN-07,3
us7000t26b,5.3,0.5833333333333334,10,shallow,0,20,432,1,"Santa Cruz das Flores, Portugal",CEA-12,13
us6000tg42,4,0.3125,54.271,shallow,0,175,246,0,"Vilyuchinsk, Russia",PNSN-07,12
us6000tg43,4,0.3125,554.421,deep,0,164,246,0,Fiji region,CEA-12,2
us6000tg40,4.7,0.45833333333333337,35.391,shallow,0,150,340,0,Kermadec Islands region,CEA-12,0
us6000tg3z,4.2,0.35416666666666674,58.104,shallow,0,96,271,0,"Ternate, Indonesia",unknown,0
us6000tg3x,4.5,0.4166666666666667,10,shallow,0,110,312,0,South Sandwich Islands region,PNSN-07,0
us7000t25y,5.6,0.6458333333333333,19.704,shallow,0,69,482,1,Kermadec Islands region,USGS-WEST,11
us7000t25z,4.1,0.33333333333333326,35,shallow,0,170,259,0,"Manokwari, Indonesia",unknown,0
us7000t25t,4.5,0.4166666666666667,539.829,deep,0,67,312,0,"Maumere, Indonesia",PNSN-07,7
us7000t25s,5.2,0.5625000000000001,10,shallow,0,23,416,1,"Simao, China",CEA-12,14
us7000t25n,4.4,0.3958333333333334,68.613,shallow,0,80,298,0,"Te Anau, New Zealand",CEA-12,3
us7000t25j,4.9,0.5000000000000001,12.946,shallow,4,85,371,0,"Merizo Village, Guam",unknown,0
us7000t25g,4,0.3125,211.514,intermediate,0,142,246,0,"Jurm, Afghanistan",CEA-12,0
us7000t25f,2.6,0.020833333333333353,5,shallow,0,113,104,0,"Alcan Border, Alaska",PNSN-07,0
hv75005557,2.64,0.029166666666666695,31.9,shallow,0,83,107,0,"Pāhala, Hawaii",USGS-WEST,6
us6000tisz,4.1,0.33333333333333326,10,shallow,0,186,259,0,"Brisas Barra de Suchiate, Mexico",PNSN-07,0
us7000t256,4.1,0.33333333333333326,33.142,shallow,0,164,259,0,"Brisas Barra de Suchiate, Mexico",USGS-WEST,5
us6000tisx,4,0.3125,10,shallow,0,205,246,0,"Puerto Madero, Mexico",unknown,0
us6000tg3s,4.9,0.5000000000000001,57.776,shallow,0,87,369,0,South Sandwich Islands region,PNSN-07,0
us7000t24u,4.6,0.43749999999999994,35,shallow,0,145,326,0,"Puerto Madero, Mexico",CEA-12,4
us7000t2va,3.6,0.22916666666666669,10,shallow,0,196,199,0,"Attu Station, Alaska",SCEDC-01,2
us7000t2et,4.5,0.4166666666666667,10,shallow,0,99,312,0,southern Mid-Atlantic Ridge,PNSN-07,7
us7000t2v7,2.6,0.020833333333333353,87.311,intermediate,0,152,104,0,"Adak, Alaska",USGS-WEST,10
us7000t24f,4.4,0.3958333333333334,35,shallow,0,137,298,0,"Puerto Madero, Mexico",SCEDC-01,7
us7000t24e,4.4,0.3958333333333334,105.881,intermediate,0,94,298,0,"Tambolaka, Indonesia",PNSN-07,2
us7000t24c,4.6,0.43749999999999994,24.757,shallow,0,133,326,0,"Petropavlovsk-Kamchatsky, Russia",USGS-WEST,11
us7000t24a,4.5,0.4166666666666667,16.857,shallow,0,143,312,0,"Valparaíso, Chile",unknown,0
aka2026ohoxcb,2.9,0.08333333333333331,52.2,shallow,4,33,130,0,"Cooper Landing, Alaska",PNSN-07,8
us6000tg3m,4.2,0.35416666666666674,593.481,deep,0,209,271,0,Fiji region,PNSN-07,1
us6000tg3k,4.3,0.375,13.134,shallow,0,138,284,0,"Silago, Philippines",PNSN-07,11
us7000t2v5,2.8,0.062499999999999965,35,shallow,0,214,121,0,"Nikolski, Alaska",unknown,0
pr71525263,3.35,0.17708333333333337,71.82,intermediate,0,221,173,0,"Boca de Yuma, Dominican Republic",SCEDC-01,1
us6000tg3i,4.8,0.47916666666666663,10,shallow,0,70,354,0,Mid-Indian Ridge,PNSN-07,12
us6000tg4z,4.4,0.3958333333333334,10,shallow,0,82,298,0,Mid-Indian Ridge,PNSN-07,0
us7000t23v,5,0.5208333333333334,10,shallow,0,70,385,1,Mid-Indian Ridge,USGS-WEST,8
hv75005267,2.98,0.1,31.47,shallow,2,97,137,0,"Pāhala, Hawaii",CEA-12,10
us7000t24y,4.4,0.3958333333333334,10,shallow,0,147,298,0,"Āwash, Ethiopia",USGS-WEST,5
us7000t23p,4.4,0.3958333333333334,98.56,intermediate,0,183,298,0,"Nemuro, Japan",PNSN-07,5
us7000t23m,2.8,0.062499999999999965,10,shallow,0,255,121,0,"Ferndale, California",PNSN-07,0
nn00922060,2.78,0.05833333333333329,7.8287,shallow,1,60,119,0,"Silver Springs, Nevada",SCEDC-01,13
aka2026ohjcvi,2.9,0.08333333333333331,5,shallow,3,29,130,0,"Anchorage, Alaska",USGS-WEST,7
us6000tg3h,4.6,0.43749999999999994,10,shallow,0,80,326,0,northern Mid-Atlantic Ridge,PNSN-07,1
us7000t23e,5.2,0.5625000000000001,10,shallow,0,55,416,1,northern Mid-Atlantic Ridge,CEA-12,9
pr2026202000,3.56,0.22083333333333335,19,shallow,0,249,195,0,"Charlotte Amalie, U.S. Virgin Islands",unknown,0
us7000t23g,4.2,0.35416666666666674,10,shallow,0,166,271,0,"Puerto Madero, Mexico",unknown,0
nn00922056,2.7,0.041666666666666706,7.0426,shallow,0,62,112,0,"Silver Springs, Nevada",USGS-WEST,8
us7000t235,4.6,0.43749999999999994,205.964,intermediate,0,43,326,0,the Fiji Islands,SCEDC-01,9
us6000tg3e,4.8,0.47916666666666663,10,shallow,0,122,354,0,the Kermadec Islands,unknown,0
us7000t2ui,3.5,0.20833333333333334,35,shallow,0,200,188,0,"Adak, Alaska",PNSN-07,7
us7000t34e,4.3,0.375,35,shallow,0,145,284,0,the Kermadec Islands,unknown,0
us7000t232,5,0.5208333333333334,10,shallow,0,68,385,1,"Gataivai, Samoa",CEA-12,4
us7000t22v,4,0.3125,300.616,deep,0,129,246,0,"Esashi, Japan",SCEDC-01,6
us7000t35j,4.1,0.33333333333333326,10,shallow,0,136,259,0,"Puerto Madero, Mexico",PNSN-07,2
us7000t35i,4.7,0.45833333333333337,10,shallow,0,61,340,0,Africa,USGS-WEST,9
us7000t35e,4.2,0.35416666666666674,10,shallow,0,121,271,0,"Masohi, Indonesia",PNSN-07,13
us7000t35d,4.6,0.43749999999999994,10,shallow,0,132,326,0,northern Mid-Atlantic Ridge,PNSN-07,5
us7000t35a,5,0.5208333333333334,10,shallow,0,48,385,1,northern Mid-Atlantic Ridge,CEA-12,6
us7000t35c,5,0.5208333333333334,10,shallow,0,53,385,1,northern Mid-Atlantic Ridge,PNSN-07,1
us7000t21z,5.6,0.6458333333333333,10,shallow,0,32,482,1,northern Mid-Atlantic Ridge,SCEDC-01,0
us7000t21u,4.4,0.3958333333333334,91.171,intermediate,0,109,298,0,Banda Sea,USGS-WEST,10
us7000t35b,4.2,0.35416666666666674,10,shallow,0,202,271,0,"Puerto Madero, Mexico",USGS-WEST,7
us7000t21n,5,0.5208333333333334,10,shallow,0,96,385,1,"Pangai, Tonga",USGS-WEST,1
us7000t21h,4.3,0.375,140.82,intermediate,0,112,284,0,"Tual, Indonesia",CEA-12,14
us7000t21j,4.5,0.4166666666666667,67.929,shallow,0,188,312,0,Kuril Islands,SCEDC-01,0
us7000t21f,4.3,0.375,32.688,shallow,0,186,284,0,"Puerto Madero, Mexico",CEA-12,13
us7000t21e,5,0.5208333333333334,10,shallow,0,43,385,1,the Kermadec Islands,PNSN-07,0
us7000t218,4.6,0.43749999999999994,10,shallow,0,178,326,0,"Puerto Madero, Mexico",USGS-WEST,9
us7000t2u0,2.8,0.062499999999999965,10,shallow,0,222,121,0,"Akutan, Alaska",USGS-WEST,4
pr71525223,3.43,0.19375000000000003,9,shallow,0,303,181,0,"Cruz Bay, U.S. Virgin Islands",SCEDC-01,2
pr71525208,3.24,0.15416666666666673,17.48,shallow,0,294,162,0,"San Antonio, Puerto Rico",PNSN-07,2
us7000t20r,4.5,0.4166666666666667,62.115,shallow,0,157,312,0,"Port Blair, India",SCEDC-01,15
us7000t356,4.4,0.3958333333333334,35,shallow,0,199,298,0,"Puerto El Triunfo, El Salvador",PNSN-07,7
aka2026ogxhhl,2.5,0.0,4.4,shallow,0,264,96,0,"Sand Point, Alaska",USGS-WEST,7
aka2026ogxjlg,2.5,0.0,14.9,shallow,0,240,96,0,"Adak, Alaska",CEA-12,7
us7000t20g,4.3,0.375,10,shallow,0,134,284,0,"Severo-Kuril’sk, Russia",unknown,0
us7000t20d,4.9,0.5000000000000001,10,shallow,0,100,369,0,"Saipan, Northern Mariana Islands",SCEDC-01,15
us7000t20c,4.6,0.43749999999999994,36.188,shallow,0,78,326,0,"Abepura, Indonesia",PNSN-07,3
us7000t20b,4.4,0.3958333333333334,10,shallow,0,91,298,0,"Bonin Islands, Japan region",PNSN-07,15
us7000t22h,3.7,0.25000000000000006,8.166,shallow,0,191,211,0,"Atka, Alaska",PNSN-07,8
us7000t2lr,3.3,0.16666666666666663,10,shallow,0,191,168,0,"Attu Station, Alaska",PNSN-07,4
us7000t2lq,2.6,0.020833333333333353,35,shallow,0,214,104,0,"Akutan, Alaska",PNSN-07,3
us7000t2ln,3.2,0.14583333333333337,10,shallow,0,193,158,0,"Attu Station, Alaska",PNSN-07,12
pr71525173,2.65,0.031249999999999983,14.04,shallow,0,182,108,0,"Guánica, Puerto Rico",unknown,0
us7000t2ll,3.3,0.16666666666666663,10,shallow,0,187,168,0,"Attu Station, Alaska",unknown,0
us7000t22f,3.4,0.1875,21.14,shallow,0,219,178,0,"Adak, Alaska",PNSN-07,13
pr2026201000,3.02,0.10833333333333334,13,shallow,0,178,140,0,"Guánica, Puerto Rico",SCEDC-01,7
aka2026ogpgvy,2.5,0.0,47,shallow,1,32,96,0,"Anchorage, Alaska",CEA-12,8
us7000t351,4.3,0.375,35,shallow,0,181,284,0,"Puerto Madero, Mexico",CEA-12,1
us7000t1y3,4.2,0.35416666666666674,14.873,shallow,0,155,271,0,"Puerto Madero, Mexico",USGS-WEST,12
us7000t1y6,4.2,0.35416666666666674,10,shallow,2,63,272,0,"Chongzuo, China",CEA-12,14
us7000t22d,3.7,0.25000000000000006,78.835,intermediate,0,188,211,0,"Atka, Alaska",PNSN-07,0
us7000t350,4,0.3125,17.292,shallow,0,126,246,0,"Ocós, Guatemala",PNSN-07,7
pr71525138,2.51,0.002083333333333289,19.81,shallow,0,187,97,0,"Isabel Segunda, Puerto Rico",PNSN-07,5
us7000t34z,4.2,0.35416666666666674,35,shallow,0,200,271,0,"Puerto Madero, Mexico",unknown,0
us7000t1xr,4.4,0.3958333333333334,61.096,shallow,0,112,298,0,"Gorontalo, Indonesia",PNSN-07,5
us7000t1xp,4.5,0.4166666666666667,158.5,intermediate,0,120,312,0,"Port-Olry, Vanuatu",SCEDC-01,4
us7000t34y,4.3,0.375,10,shallow,0,175,284,0,"Lata, Solomon Islands",CEA-12,3
us7000t34x,4.2,0.35416666666666674,10,shallow,0,186,271,0,"Brisas Barra de Suchiate, Mexico",SCEDC-01,0
us7000t1xi,4.1,0.33333333333333326,144.332,intermediate,0,175,259,0,"Hicks Bay, New Zealand",PNSN-07,14
us7000t2l1,3,0.10416666666666667,10,shallow,0,192,138,0,"Attu Station, Alaska",PNSN-07,5
us7000t2kz,3.6,0.22916666666666669,46.561,shallow,0,204,199,0,"Rat Islands, Aleutian Islands, Alaska",USGS-WEST,0
us7000t1x8,4.5,0.4166666666666667,35,shallow,0,141,312,0,"Puerto Madero, Mexico",unknown,0
us7000t1x5,4.8,0.47916666666666663,102.275,intermediate,5,38,356,0,"Güiria, Venezuela",SCEDC-01,9
us7000t1x3,5.1,0.5416666666666666,10,shallow,1,78,400,1,"Puerto Madero, Mexico",PNSN-07,12
aka2026oggdih,2.5,0.0,29.6,shallow,0,256,96,0,"Akhiok, Alaska",PNSN-07,0
aka2026oggamh,2.5,0.0,1.9,shallow,1,34,96,0,"Chickaloon, Alaska",PNSN-07,3
us7000t1wz,4.3,0.375,309.156,deep,0,34,284,0,"Ambon, Indonesia",PNSN-07,15
us7000t34v,4.4,0.3958333333333334,35.119,shallow,0,130,298,0,"Bitung, Indonesia",SCEDC-01,5
us7000t1ww,4.2,0.35416666666666674,10,shallow,0,123,271,0,"Basco, Philippines",CEA-12,3
us7000t2jr,2.7,0.041666666666666706,35,shallow,0,213,112,0,"Sand Point, Alaska",SCEDC-01,12
aka2026ogebwl,2.6,0.020833333333333353,3.5,shallow,0,176,104,0,"Ivanof Bay, Alaska",SCEDC-01,9
ci40658258,2.93,0.08958333333333338,2.58,shallow,2,41,132,0,"Coso Junction, CA",PNSN-07,0
us7000t1wn,5.2,0.5625000000000001,73.068,intermediate,18,35,422,1,"Scarborough, Trinidad and Tobago",CEA-12,3
us7000t1wm,5,0.5208333333333334,104.437,intermediate,1,52,385,1,"Tobelo, Indonesia",unknown,0
tx2026odwext,2.8,0.062499999999999965,6.0999,shallow,0,53,121,0,"Toyah, Texas",PNSN-07,0
us7000t2jm,2.7,0.041666666666666706,80.706,intermediate,0,203,112,0,"King Cove, Alaska",SCEDC-01,15
us7000t2jl,3.4,0.1875,1.38,shallow,0,194,178,0,"Attu Station, Alaska",SCEDC-01,0
tx2026odvkzf,2.5,0.0,8.5449,shallow,0,75,96,0,"Jal, New Mexico",USGS-WEST,12
us7000t2je,2.8,0.062499999999999965,89.794,intermediate,0,174,121,0,"Sand Point, Alaska",CEA-12,13
us7000t34t,4.1,0.33333333333333326,10,shallow,0,224,259,0,"Port McNeill, Canada",CEA-12,4
pr71525078,3.33,0.1729166666666667,23.2,shallow,0,312,171,0,"Cruz Bay, U.S. Virgin Islands",PNSN-07,0
us7000t1wa,4.1,0.33333333333333326,10,shallow,0,166,259,0,"Puerto Madero, Mexico",CEA-12,1
aka2026ofyoaa,2.6,0.020833333333333353,5,shallow,0,283,104,0,"Nikolski, Alaska",unknown,0
us7000t2ja,3.4,0.1875,10,shallow,0,194,178,0,"Attu Station, Alaska",SCEDC-01,0
aka2026ofyant,2.6,0.020833333333333353,1.4,shallow,0,76,104,0,"Kaktovik, Alaska",CEA-12,11
us7000t34r,4.1,0.33333333333333326,10,shallow,0,163,259,0,"Port McNeill, Canada",PNSN-07,4
us7000t1w2,5.6,0.6458333333333333,10,shallow,23,78,491,1,"Port McNeill, Canada",CEA-12,0
us7000t2j9,2.6,0.020833333333333353,35,shallow,0,210,104,0,"Akutan, Alaska",CEA-12,0
us7000t2j8,3,0.10416666666666667,6.962,shallow,0,187,138,0,"Attu Station, Alaska",PNSN-07,7
aka2026ofvzsk,2.6,0.020833333333333353,18.1,shallow,0,24,104,0,"Valdez, Alaska",USGS-WEST,8
us7000t213,5.5,0.625,10,shallow,0,136,465,1,Pacific-Antarctic Ridge,PNSN-07,9
us7000t34n,4.4,0.3958333333333334,10,shallow,0,138,298,0,"Lata, Solomon Islands",SCEDC-01,3
us7000t34m,4.2,0.35416666666666674,35,shallow,0,155,271,0,"Acajutla, El Salvador",CEA-12,12
us7000t2j5,2.6,0.020833333333333353,144.344,intermediate,0,160,104,0,"Nikolski, Alaska",SCEDC-01,4
aka2026ofsgvh,3.2,0.14583333333333337,65.2,shallow,3,18,158,0,"Susitna, Alaska",PNSN-07,0
us7000t1vq,5.2,0.5625000000000001,10,shallow,4,46,418,1,"Javānrūd, Iran",SCEDC-01,4
us7000t1vp,4.8,0.47916666666666663,10,shallow,0,68,354,0,"Javānrūd, Iran",PNSN-07,3
us7000t2iq,2.9,0.08333333333333331,10,shallow,0,240,129,0,"Akutan, Alaska",USGS-WEST,4
us7000t2ip,2.9,0.08333333333333331,10,shallow,0,207,129,0,"Attu Station, Alaska",SCEDC-01,6
us7000t2ik,2.9,0.08333333333333331,5.965,shallow,0,195,129,0,"Attu Station, Alaska",CEA-12,6
us7000t2i0,2.8,0.062499999999999965,172.197,intermediate,0,191,121,0,"Atka, Alaska",SCEDC-01,1
us7000t2hx,2.7,0.041666666666666706,6.786,shallow,0,193,112,0,"Attu Station, Alaska",CEA-12,11
us7000t35k,4.4,0.3958333333333334,35,shallow,0,220,298,0,"El Arenal, Mexico",CEA-12,11
us7000t1vd,4.7,0.45833333333333337,35,shallow,0,154,340,0,"Puerto Madero, Mexico",PNSN-07,12
us7000t1vc,4.6,0.43749999999999994,153.068,intermediate,1,45,326,0,"Jordán, Colombia",unknown,0
pr71525063,3.34,0.175,13.83,shallow,0,182,172,0,"Punta Cana, Dominican Republic",CEA-12,0
us7000t1v5,4.7,0.45833333333333337,10,shallow,0,50,340,0,"Fakfak, Indonesia",PNSN-07,14
aka2026oflccp,2.6,0.020833333333333353,72.6,intermediate,0,105,104,0,"Karluk, Alaska",PNSN-07,9
aka2026ofktai,2.7,0.041666666666666706,0.3,shallow,1,34,112,0,"Glacier View, Alaska",USGS-WEST,12
us7000t1v2,4.6,0.43749999999999994,10,shallow,0,154,326,0,"Vilyuchinsk, Russia",PNSN-07,15
us7000t2hn,3.1,0.12500000000000003,10,shallow,0,183,148,0,"Attu Station, Alaska",USGS-WEST,14
us7000t221,2.6,0.020833333333333353,10,shallow,0,182,104,0,"Attu Station, Alaska",CEA-12,2
us7000t334,3.9,0.2916666666666667,10,shallow,0,201,234,0,"Brisas Barra de Suchiate, Mexico",USGS-WEST,6
us7000t21w,2.8,0.062499999999999965,13.589,shallow,0,305,121,0,"Chiniak, Alaska",unknown,0
us7000t1uw,4.3,0.375,206.176,intermediate,0,97,284,0,"San Antonio de los Cobres, Argentina",PNSN-07,7
us7000t1uv,4.5,0.4166666666666667,109.606,intermediate,0,83,312,0,"Pārūn, Afghanistan",CEA-12,0
us7000t330,4.4,0.3958333333333334,10,shallow,0,218,298,0,Galapagos Triple Junction region,CEA-12,9
us7000t32y,4.7,0.45833333333333337,10,shallow,0,107,340,0,Balleny Islands region,PNSN-07,4
us7000t3j0,3.1,0.12500000000000003,33.211,shallow,0,204,148,0,"Attu Station, Alaska",USGS-WEST,10
aka2026ofgpfl,2.5,0.0,21,shallow,0,261,96,0,"Nikolski, Alaska",PNSN-07,8
us7000t1us,4,0.3125,103.573,intermediate,0,136,246,0,"Khorugh, Tajikistan",CEA-12,12
us7000t3iy,3.1,0.12500000000000003,10,shallow,0,228,148,0,"Adak, Alaska",SCEDC-01,13
us7000t32x,3.7,0.25000000000000006,79.37,intermediate,0,180,211,0,"Adak, Alaska",PNSN-07,1
us7000t36m,3.5,0.20833333333333334,10,shallow,0,193,188,0,"Attu Station, Alaska",SCEDC-01,4
us7000t1ur,4.1,0.33333333333333326,39.143,shallow,0,167,259,0,"Attu Station, Alaska",SCEDC-01,13
us7000t1uj,4.1,0.33333333333333326,10,shallow,0,85,259,0,"Naryn, Kyrgyzstan",PNSN-07,11
us7000t1ue,4.5,0.4166666666666667,10,shallow,0,174,312,0,the Kermadec Islands,PNSN-07,12
aka2026ofcpju,2.7,0.041666666666666706,13.2,shallow,0,22,112,0,"Valdez, Alaska",PNSN-07,3
us7000t3ix,3.1,0.12500000000000003,247.953,intermediate,0,166,148,0,"Atka, Alaska",USGS-WEST,0
us7000t1u1,4.3,0.375,64.529,shallow,0,131,284,0,"Petropavlovsk-Kamchatsky, Russia",unknown,0
us7000t1tu,4.3,0.375,10,shallow,0,141,284,0,"Puerto Madero, Mexico",PNSN-07,12
us7000t1tp,5.5,0.625,9,shallow,1,113,465,1,"Puerto Madero, Mexico",PNSN-07,0
us7000t226,3.2,0.14583333333333337,10,shallow,0,240,158,0,"Attu Station, Alaska",PNSN-07,1
us7000t222,2.6,0.020833333333333353,35,shallow,0,214,104,0,"Nikolski, Alaska",CEA-12,1
us7000t32l,4.3,0.375,10,shallow,0,185,284,0,"Brisas Barra de Suchiate, Mexico",SCEDC-01,0
us7000t32k,4,0.3125,10,shallow,0,196,246,0,"Puerto Madero, Mexico",USGS-WEST,9
us7000t32j,4.3,0.375,10,shallow,0,199,284,0,"Puerto Madero, Mexico",PNSN-07,11
us7000t1ta,4.5,0.4166666666666667,10,shallow,0,181,312,0,"Puerto Madero, Mexico",SCEDC-01,8
us7000t1t5,4.3,0.375,10,shallow,0,203,284,0,"Brisas Barra de Suchiate, Mexico",unknown,0
us7000t1sz,4.2,0.35416666666666674,10,shallow,0,191,271,0,"Valparaíso, Chile",USGS-WEST,15
us7000t21r,3.1,0.12500000000000003,35,shallow,0,207,148,0,"Attu Station, Alaska",USGS-WEST,0
pr71525028,3.2,0.14583333333333337,45.2,shallow,0,224,158,0,"Vieques, Puerto Rico",CEA-12,5
us7000t1sy,4.2,0.35416666666666674,637.734,deep,0,122,271,0,"Levuka, Fiji",CEA-12,5
us7000t1sv,4.6,0.43749999999999994,10,shallow,0,146,326,0,"San Antonio, Chile",SCEDC-01,0
us7000t1su,4.4,0.3958333333333334,10,shallow,0,194,298,0,"Puerto Madero, Mexico",unknown,0
us7000t1sr,4.3,0.375,64.309,shallow,0,96,284,0,"Te Anau, New Zealand",USGS-WEST,5
us7000t1sp,4.3,0.375,10,shallow,0,206,284,0,"Puerto Madero, Mexico",PNSN-07,12
aka2026oeqdnu,2.8,0.062499999999999965,63.5,shallow,0,78,121,0,"Akhiok, Alaska",PNSN-07,4
us7000t1uq,3.7,0.25000000000000006,62.289,shallow,0,186,211,0,"Rat Islands, Aleutian Islands, Alaska",PNSN-07,12
tx2026ocfics,2.9,0.08333333333333331,7.8369,shallow,0,55,129,0,"Westbrook, Texas",unknown,0
us7000t1up,3.1,0.12500000000000003,129.639,intermediate,0,153,148,0,"Nikolski, Alaska",CEA-12,11
us7000t32g,4,0.3125,10,shallow,0,114,246,0,"Sarangani, Philippines",CEA-12,10
us7000t1s3,4.5,0.4166666666666667,10,shallow,0,82,312,0,"Tulsīpur, Nepal",PNSN-07,7
aka2026oejjya,3,0.10416666666666667,5,shallow,0,70,138,0,"Karluk, Alaska",CEA-12,0
us7000t32e,4.4,0.3958333333333334,134.795,intermediate,0,83,298,0,"Luganville, Vanuatu",SCEDC-01,5
us7000t32f,4.3,0.375,37.09,shallow,0,158,284,0,the Kermadec Islands,PNSN-07,9
us7000t1ui,2.7,0.041666666666666706,10,shallow,0,182,112,0,"Attu Station, Alaska",USGS-WEST,7
us7000t1uh,2.7,0.041666666666666706,10,shallow,0,284,112,0,"Atka, Alaska",CEA-12,4
us7000t1rx,4.6,0.43749999999999994,10,shallow,0,73,326,0,"Hihifo, Tonga",CEA-12,0
us7000t32b,4.2,0.35416666666666674,180.517,intermediate,0,104,271,0,South Sandwich Islands region,PNSN-07,11
us7000t1rs,4.1,0.33333333333333326,10,shallow,0,197,259,0,"Puerto Madero, Mexico",PNSN-07,0
us7000t328,4.1,0.33333333333333326,38.046,shallow,0,162,259,0,"Severo-Kuril’sk, Russia",CEA-12,5
us7000t1ri,4.6,0.43749999999999994,71.895,intermediate,0,110,326,0,"Balangonan, Philippines",PNSN-07,0
us7000t1rh,4.9,0.5000000000000001,37.601,shallow,2,103,370,0,"Pelabuhanratu, Indonesia",unknown,0
us7000t1uf,2.7,0.041666666666666706,63.04,shallow,0,216,112,0,"Nikolski, Alaska",PNSN-07,2
us7000t327,4.1,0.33333333333333326,10,shallow,0,251,259,0,"Tadine, New Caledonia",CEA-12,10
us7000t1re,4.4,0.3958333333333334,99.399,intermediate,0,155,298,0,"Kokopo, Papua New Guinea",CEA-12,10
us7000t1ud,2.9,0.08333333333333331,6.899,shallow,0,187,129,0,"Attu Station, Alaska",CEA-12,10
pr2026200000,3.78,0.26666666666666666,131,intermediate,0,198,220,0,"Boca de Yuma, Dominican Republic",CEA-12,11
us7000t1uc,3.1,0.12500000000000003,20.621,shallow,0,201,148,0,"Attu Station, Alaska",PNSN-07,15
us7000t1r9,4,0.3125,35,shallow,0,202,246,0,"Puerto Madero, Mexico",CEA-12,12
us7000t321,4.5,0.4166666666666667,35.34,shallow,0,129,312,0,"Sarangani, Philippines",PNSN-07,1
nc75398761,2.93,0.08958333333333338,2.21,shallow,8,16,134,0,"The Geysers, CA",PNSN-07,12
us7000t1qv,4,0.3125,10,shallow,0,158,246,0,"Puerto Madero, Mexico",USGS-WEST,11
pr71524948,2.9,0.08333333333333331,9.79,shallow,0,128,129,0,"Cruz Bay, U.S. Virgin Islands",SCEDC-01,1
us7000t1qt,4.5,0.4166666666666667,144.576,intermediate,0,134,312,0,Kuril Islands,USGS-WEST,0
pr71524943,3.2,0.14583333333333337,27.02,shallow,0,214,158,0,"Vieques, Puerto Rico",SCEDC-01,15
us7000t1qq,2.7,0.041666666666666706,10,shallow,0,275,112,0,"Port Orford, Oregon",CEA-12,15
us7000t1qr,4.4,0.3958333333333334,35,shallow,0,166,298,0,"Brisas Barra de Suchiate, Mexico",PNSN-07,0
us7000t1qp,4,0.3125,38.295,shallow,0,189,246,0,"Puerto Madero, Mexico",SCEDC-01,5
pr71524928,3.07,0.11874999999999997,38.09,shallow,0,291,145,0,"Cruz Bay, U.S. Virgin Islands",CEA-12,0
us7000t1qk,4.4,0.3958333333333334,35,shallow,0,191,298,0,"Brisas Barra de Suchiate, Mexico",USGS-WEST,12
aka2026odwoan,2.8,0.062499999999999965,2.5,shallow,0,53,121,0,"Karluk, Alaska",SCEDC-01,14
us7000t1qd,4.2,0.35416666666666674,35,shallow,0,183,271,0,"Puerto Madero, Mexico",PNSN-07,1
aka2026oduihw,2.8,0.062499999999999965,16.8,shallow,0,195,121,0,"Chignik, Alaska",SCEDC-01,15
us7000t1q8,4.9,0.5000000000000001,10,shallow,2,87,370,0,"Shahrak-e Kūlūrī, Iran",PNSN-07,5
us7000t1q7,5.5,0.625,10,shallow,14,33,660,1,"Chambara, Peru",unknown,0
us7000t1q6,5.3,0.5833333333333334,10,shallow,0,145,432,1,"Brisas Barra de Suchiate, Mexico",USGS-WEST,3
us7000t1q5,4.6,0.43749999999999994,35,shallow,0,145,326,0,"Puerto Madero, Mexico",PNSN-07,8
us7000t1q4,4.8,0.47916666666666663,221.42,intermediate,0,105,354,0,"Tobelo, Indonesia",CEA-12,10
us7000t31y,4.4,0.3958333333333334,10,shallow,0,212,298,0,"Puerto Madero, Mexico",USGS-WEST,0
us7000t1q3,5.3,0.5833333333333334,10,shallow,0,139,432,1,"Puerto Madero, Mexico",PNSN-07,14
us7000t1u0,3,0.10416666666666667,26.155,shallow,0,213,138,0,"Adak, Alaska",PNSN-07,15
us7000t31x,4.7,0.45833333333333337,81.584,intermediate,0,163,340,0,the Kermadec Islands,USGS-WEST,3
us7000t1q1,4.2,0.35416666666666674,462.454,deep,0,66,271,0,"Ama, Japan",PNSN-07,0
us7000t1tz,2.9,0.08333333333333331,202.88,intermediate,0,176,129,0,"Atka, Alaska",SCEDC-01,3
us7000t1py,5.2,0.5625000000000001,36.943,shallow,0,122,416,1,"Vilyuchinsk, Russia",PNSN-07,11
ci40657786,2.88,0.07916666666666665,10.9,shallow,13,71,132,0,"Ensenada, B.C., MX",unknown,0
us7000t1pu,4.4,0.3958333333333334,35,shallow,0,138,298,0,"Puerto Madero, Mexico",unknown,0
pr71524913,2.93,0.08958333333333338,20.45,shallow,0,241,132,0,"Charlotte Amalie, U.S. Virgin Islands",SCEDC-01,8
aka2026odorxf,2.6,0.020833333333333353,5.1,shallow,0,246,104,0,"Akutan, Alaska",CEA-12,4
us7000t2zk,4.4,0.3958333333333334,35.021,shallow,0,131,298,0,"Katubao, Philippines",USGS-WEST,2
us7000t1pk,4.5,0.4166666666666667,35,shallow,0,171,312,0,"Brisas Barra de Suchiate, Mexico",unknown,0
aka2026odnnzz,2.7,0.041666666666666706,20,shallow,0,337,112,0,"Sand Point, Alaska",SCEDC-01,9
us7000t1ph,4.7,0.45833333333333337,24.311,shallow,0,93,340,0,"Masachapa, Nicaragua",USGS-WEST,10
aka2026odmxbm,2.5,0.0,21.2,shallow,0,268,96,0,"Rat Islands, Aleutian Islands, Alaska",unknown,0
aka2026odmeew,2.6,0.020833333333333353,29.1,shallow,0,275,104,0,"Akutan, Alaska",PNSN-07,14
us7000t1p8,4.6,0.43749999999999994,10,shallow,0,150,326,0,"Puerto Madero, Mexico",PNSN-07,15
us7000t2ze,3.2,0.14583333333333337,35,shallow,0,204,158,0,"False Pass, Alaska",PNSN-07,12
us7000t2zd,4.3,0.375,10,shallow,0,103,284,0,"Miyakojima, Japan",PNSN-07,6
us7000t3jc,2.7,0.041666666666666706,166.783,intermediate,0,186,112,0,"Atka, Alaska",unknown,0
us7000t1nw,4,0.3125,502.079,deep,0,55,246,0,"Mnogoudobnoye, Russia",USGS-WEST,13
pr71524908,3.04,0.11250000000000002,23.99,shallow,0,307,142,0,"Cruz Bay, U.S. Virgin Islands",CEA-12,10
us7000t1nr,4.4,0.3958333333333334,35,shallow,0,186,298,0,"Puerto Madero, Mexico",unknown,0
us7000t2zb,4.6,0.43749999999999994,10,shallow,0,155,326,0,"Kokopo, Papua New Guinea",CEA-12,13
aka2026odhzdp,2.6,0.020833333333333353,10,shallow,0,285,104,0,"King Cove, Alaska",PNSN-07,13
aka2026odhltp,2.6,0.020833333333333353,6.4,shallow,0,281,104,0,"King Cove, Alaska",USGS-WEST,0
aka2026odglfm,3.5,0.20833333333333334,66.2,shallow,0,199,188,0,"Attu Station, Alaska",CEA-12,2
us7000t1ng,5.5,0.625,10,shallow,0,64,465,1,Scotia Sea,SCEDC-01,2
aka2026odfiyc,2.8,0.062499999999999965,62.1,shallow,0,198,121,0,"Adak, Alaska",USGS-WEST,8
us7000t2z5,4.3,0.375,10,shallow,0,90,284,0,Reykjanes Ridge,PNSN-07,2
us7000t2z4,4.4,0.3958333333333334,10,shallow,0,69,298,0,South Sandwich Islands region,PNSN-07,7
aka2026oddlrl,2.8,0.062499999999999965,53.9,shallow,0,320,121,0,"Atka, Alaska",USGS-WEST,7
aka2026oddglh,3,0.10416666666666667,66.1,shallow,0,217,138,0,"Adak, Alaska",PNSN-07,7
us7000t1n9,4.3,0.375,10,shallow,0,96,284,0,"Alik Ghund, Pakistan",CEA-12,12
us7000t2z1,4.2,0.35416666666666674,10,shallow,0,225,271,0,"Brisas Barra de Suchiate, Mexico",CEA-12,15
us7000t2z2,4.6,0.43749999999999994,10,shallow,0,69,326,0,southern Mid-Atlantic Ridge,SCEDC-01,0
us7000t2yz,4.3,0.375,65.293,shallow,0,128,284,0,"Kimbe, Papua New Guinea",CEA-12,4
us7000t1n5,5.8,0.6875,13,shallow,0,148,518,1,"Puerto Madero, Mexico",PNSN-07,7
us7000t1n3,4.6,0.43749999999999994,35.412,shallow,0,156,326,0,"Puerto Madero, Mexico",unknown,0
us7000t1n0,4.7,0.45833333333333337,120.923,intermediate,0,65,340,0,South Sandwich Islands region,USGS-WEST,5
us7000t1mz,4.3,0.375,10,shallow,0,176,284,0,"Puerto Madero, Mexico",USGS-WEST,0
aka2026odaaai,2.9,0.08333333333333331,11.6,shallow,0,249,129,0,"Adak, Alaska",CEA-12,3
us7000t1mu,5.1,0.5416666666666666,10,shallow,3,28,401,1,"George Town, Cayman Islands",CEA-12,1
us7000t2yy,4.5,0.4166666666666667,45.516,shallow,0,128,312,0,"Koshima, Japan",USGS-WEST,11
pr71524858,2.91,0.0854166666666667,18.53,shallow,0,305,130,0,"Rincón, Puerto Rico",unknown,0
us7000t2yx,4.2,0.35416666666666674,10,shallow,0,182,271,0,"Champerico, Guatemala",SCEDC-01,0
aka2026ocwthd,3.4,0.1875,11.3,shallow,0,239,178,0,"Adak, Alaska",CEA-12,7
us7000t2yv,4.2,0.35416666666666674,23.08,shallow,0,87,271,0,"Petropavlovsk-Kamchatsky, Russia",PNSN-07,6
us7000t2yw,4.4,0.3958333333333334,35.154,shallow,0,110,298,0,"Bonin Islands, Japan region",PNSN-07,0
us6000tgb1,2.7,0.041666666666666706,10,shallow,0,181,112,0,"Attu Station, Alaska",SCEDC-01,6
us7000t2yu,4.2,0.35416666666666674,60.12,shallow,0,137,271,0,"Kirakira, Solomon Islands",PNSN-07,6
us6000tgax,2.8,0.062499999999999965,17.962,shallow,0,231,121,0,"Atka, Alaska",SCEDC-01,2
us7000t2ys,4.5,0.4166666666666667,137.184,intermediate,0,79,312,0,"Gorontalo, Indonesia",CEA-12,2
us7000t1m2,4.3,0.375,10,shallow,0,183,284,0,"Puerto Madero, Mexico",USGS-WEST,5
pr71524848,2.83,0.06875000000000002,6.97,shallow,0,232,123,0,"Vieques, Puerto Rico",unknown,0
us7000t1m0,4.4,0.3958333333333334,91.465,intermediate,0,85,298,0,"Santo Domingo Chihuitán, Mexico",SCEDC-01,15
us7000t2yr,4.2,0.35416666666666674,31.613,shallow,0,195,271,0,"Puerto Madero, Mexico",PNSN-07,6
us7000t1lv,4.4,0.3958333333333334,10,shallow,0,188,298,0,"Puerto Madero, Mexico",SCEDC-01,2
us7000t2yp,4.2,0.35416666666666674,250.604,intermediate,0,188,271,0,Kermadec Islands region,PNSN-07,8
us7000t1lq,4.4,0.3958333333333334,221.141,intermediate,0,81,298,0,"Uyuni, Bolivia",CEA-12,6
aka2026ocppgp,2.5,0.0,9.8,shallow,0,272,96,0,"Unalaska, Alaska",USGS-WEST,2
us7000t1lh,4.4,0.3958333333333334,35,shallow,0,195,298,0,"Ocós, Guatemala",PNSN-07,15
us7000t1le,3.9,0.2916666666666667,5,shallow,0,70,234,0,"Polkowice, Poland",PNSN-07,2
us7000t1ld,4.9,0.5000000000000001,10,shallow,0,100,369,0,southern East Pacific Rise,unknown,0
us7000t2yl,3.4,0.1875,10,shallow,0,196,178,0,"Atka, Alaska",unknown,0
us7000t1l8,4.8,0.47916666666666663,137.305,intermediate,0,58,354,0,"Khorugh, Tajikistan",PNSN-07,7
us7000t2yh,4,0.3125,39.001,shallow,0,176,246,0,"Puerto Madero, Mexico",SCEDC-01,8
aka2026ocmjtm,4,0.3125,23.9,shallow,0,175,246,0,"Akhiok, Alaska",PNSN-07,9
us7000t1l4,5.2,0.5625000000000001,51.57,shallow,0,166,416,1,"Puerto Madero, Mexico",PNSN-07,15
us7000t1l0,4.3,0.375,35,shallow,0,191,284,0,"Brisas Barra de Suchiate, Mexico",PNSN-07,6
pr71524833,3.26,0.1583333333333333,40.1,shallow,0,233,164,0,"Loíza, Puerto Rico",USGS-WEST,14
us7000t1kx,4.4,0.3958333333333334,46.201,shallow,0,142,298,0,"Aquiles Serdán, Mexico",PNSN-07,8
us7000t1kn,4.3,0.375,18.491,shallow,0,87,284,0,"Gázi, Greece",CEA-12,5
us7000t1km,4.2,0.35416666666666674,10,shallow,0,192,271,0,"Puerto Madero, Mexico",SCEDC-01,12
us7000t2yd,4.3,0.375,39.07,shallow,0,137,284,0,Kermadec Islands region,USGS-WEST,13
us7000t1kk,4.4,0.3958333333333334,10,shallow,0,140,298,0,"Mosquera, Colombia",SCEDC-01,1
aka2026ocjqde,2.9,0.08333333333333331,11.6,shallow,0,115,129,0,"Yakutat, Alaska",CEA-12,3
us7000t1kh,4.7,0.45833333333333337,531.483,deep,0,80,340,0,the Fiji Islands,unknown,0
us7000t1kf,4.9,0.5000000000000001,25.451,shallow,0,157,369,0,"Bandar Lampung, Indonesia",SCEDC-01,15
us7000t2yb,4.2,0.35416666666666674,10,shallow,0,151,271,0,"Puerto Madero, Mexico",PNSN-07,13
us7000t1ke,4.2,0.35416666666666674,35,shallow,0,180,271,0,"Puerto Madero, Mexico",SCEDC-01,15
nn00921891,3.64,0.23750000000000004,9.2472,shallow,4,72,205,0,"Beatty, Nevada",PNSN-07,5
us7000t2y8,4,0.3125,10,shallow,0,156,246,0,"Puerto Madero, Mexico",SCEDC-01,11
us7000t1k4,4.4,0.3958333333333334,35,shallow,0,175,298,0,"Puerto Madero, Mexico",CEA-12,0
aka2026ochauu,4.3,0.375,37.1,shallow,0,176,284,0,"Akhiok, Alaska",unknown,0
us7000t1jy,5.3,0.5833333333333334,35,shallow,0,90,432,1,"Puerto Madero, Mexico",PNSN-07,14
us7000t1jw,4.6,0.43749999999999994,10,shallow,0,52,326,0,central Mid-Atlantic Ridge,unknown,0
us7000t2y6,4.3,0.375,10,shallow,0,164,284,0,"Puerto Madero, Mexico",PNSN-07,3
us7000t1jt,4.6,0.43749999999999994,35,shallow,0,145,326,0,"Puerto Madero, Mexico",CEA-12,10
us7000t1jr,2.9,0.08333333333333331,10,shallow,0,233,129,0,"Chignik, Alaska",PNSN-07,3
us7000t1jq,4.7,0.45833333333333337,10,shallow,0,85,340,0,"Kashgar, China",USGS-WEST,3
us7000t1jp,5.1,0.5416666666666666,10,shallow,0,28,400,1,the Kermadec Islands,PNSN-07,12
us7000t1jn,4.2,0.35416666666666674,35,shallow,0,160,271,0,"Puerto Madero, Mexico",PNSN-07,1
us7000t1jl,4,0.3125,10,shallow,0,66,246,0,"Polkowice, Poland",PNSN-07,3
aka2026occkjx,2.7,0.041666666666666706,20,shallow,0,237,112,0,"Chiniak, Alaska",SCEDC-01,14
aka2026occhwe,3.3,0.16666666666666663,28.8,shallow,0,225,168,0,"Chignik, Alaska",CEA-12,13
us7000t1jf,4.2,0.35416666666666674,10,shallow,0,187,271,0,"Puerto Madero, Mexico",USGS-WEST,9
aka2026ocbkcs,3.2,0.14583333333333337,116.7,intermediate,0,26,158,0,"Petersville, Alaska",USGS-WEST,5
aka2026ocbilm,2.8,0.062499999999999965,14.4,shallow,0,236,121,0,"Chignik, Alaska",CEA-12,2
us7000t1jb,4.9,0.5000000000000001,35,shallow,0,163,369,0,"Puerto Madero, Mexico",PNSN-07,2
us7000t2zl,4,0.3125,10,shallow,0,195,246,0,"Puerto Madero, Mexico",SCEDC-01,12
us7000t1j4,4.8,0.47916666666666663,10,shallow,0,60,354,0,Ascension Island region,SCEDC-01,7
us7000t2y2,4.5,0.4166666666666667,49.006,shallow,0,102,312,0,"Modisi, Indonesia",PNSN-07,0
us7000t1j0,5,0.5208333333333334,10,shallow,1,66,385,1,"Yeşilyurt, Turkey",USGS-WEST,14
us7000t2y3,4.5,0.4166666666666667,10,shallow,0,86,312,0,Bouvet Island region,PNSN-07,1
us7000t2y1,4.2,0.35416666666666674,93.884,intermediate,0,94,271,0,"Paucarbamba, Peru",CEA-12,3
us7000t2xy,4.3,0.375,10,shallow,0,192,284,0,"Miyako, Japan",CEA-12,0
us7000t1iu,4.4,0.3958333333333334,35,shallow,0,191,298,0,"Puerto Madero, Mexico",SCEDC-01,1
us7000t1it,5.3,0.5833333333333334,10,shallow,3,99,433,1,"Sarangani, Philippines",SCEDC-01,13
pr71524818,3.21,0.14791666666666667,32.12,shallow,0,225,159,0,"Culebra, Puerto Rico",PNSN-07,0
us7000t2xx,4.2,0.35416666666666674,10,shallow,0,207,271,0,"Puerto Madero, Mexico",PNSN-07,14
us7000t1im,5.1,0.5416666666666666,10,shallow,0,92,400,1,"Puerto Madero, Mexico",PNSN-07,12
us7000t2xt,4.6,0.43749999999999994,10,shallow,0,101,326,0,"Maug Islands region, Northern Mariana Islands",USGS-WEST,10
us7000t1ii,4.1,0.33333333333333326,35,shallow,0,189,259,0,"Puerto Madero, Mexico",SCEDC-01,12
aka2026obukgc,2.6,0.020833333333333353,1.7,shallow,0,268,104,0,"Akhiok, Alaska",CEA-12,11
us7000t1ig,4.5,0.4166666666666667,57.797,shallow,0,104,312,0,"Pariaman, Indonesia",PNSN-07,2
us7000t2as,2.5,0.0,35,shallow,0,240,96,0,"Akutan, Alaska",PNSN-07,5
us7000t2ar,3.3,0.16666666666666663,10,shallow,0,194,168,0,"Attu Station, Alaska",PNSN-07,14
us7000t1if,2.6,0.020833333333333353,9.771,shallow,0,136,104,0,"Pinedale, Wyoming",SCEDC-01,12
us7000t2xr,4.2,0.35416666666666674,132.337,intermediate,0,151,271,0,"Maug Islands region, Northern Mariana Islands",USGS-WEST,0
us7000t2an,2.7,0.041666666666666706,8.458,shallow,0,248,112,0,"Adak, Alaska",CEA-12,6
us7000t1ie,4.6,0.43749999999999994,35,shallow,0,145,326,0,"Puerto Madero, Mexico",PNSN-07,14
us7000t1i9,4.6,0.43749999999999994,10,shallow,0,166,326,0,"Puerto Madero, Mexico",CEA-12,2
us7000t1i4,4.7,0.45833333333333337,10,shallow,0,159,340,0,"Puerto Madero, Mexico",PNSN-07,2
us7000t2ry,4.1,0.33333333333333326,10,shallow,0,156,259,0,"Puerto Madero, Mexico",CEA-12,3
us7000t2s0,4.1,0.33333333333333326,35,shallow,0,214,259,0,"Puerto Madero, Mexico",CEA-12,13
us7000t1nv,2.7,0.041666666666666706,86.448,intermediate,0,149,112,0,"Adak, Alaska",USGS-WEST,0
us7000t2rw,4.2,0.35416666666666674,35,shallow,0,209,271,0,"Puerto Madero, Mexico",SCEDC-01,9
us7000t1hp,4.5,0.4166666666666667,200.042,intermediate,0,93,312,0,"Ollagüe, Chile",CEA-12,13
us7000t2rv,4.2,0.35416666666666674,35,shallow,0,212,271,0,"Puerto Madero, Mexico",unknown,0
us7000t1hk,4.3,0.375,10,shallow,0,164,284,0,"Puerto Madero, Mexico",unknown,0
us7000t1hg,4.5,0.4166666666666667,191.452,intermediate,0,78,312,0,"San Antonio de los Cobres, Argentina",USGS-WEST,13
us7000t2ru,4.1,0.33333333333333326,35,shallow,0,223,259,0,"Puerto Madero, Mexico",PNSN-07,15
us7000t2rs,4.4,0.3958333333333334,10,shallow,0,203,298,0,"Puerto Madero, Mexico",CEA-12,14
us7000t1hd,5.1,0.5416666666666666,10,shallow,0,90,400,1,"Puerto Madero, Mexico",PNSN-07,13
us7000t1nt,3.4,0.1875,10,shallow,0,176,178,0,"Attu Station, Alaska",PNSN-07,13
us7000t2rq,4.6,0.43749999999999994,16.553,shallow,0,200,326,0,"Mangapapa, New Zealand",CEA-12,6
us7000t2rr,4.1,0.33333333333333326,35,shallow,0,203,259,0,"Puerto Madero, Mexico",USGS-WEST,12
us7000t2rp,4.1,0.33333333333333326,10,shallow,0,188,259,0,"Puerto Madero, Mexico",CEA-12,0
aka2026obobrw,2.5,0.0,23.1,shallow,1,28,96,0,"Fishhook, Alaska",USGS-WEST,6
us7000t2rl,4.2,0.35416666666666674,24.111,shallow,0,221,271,0,"Puerto Madero, Mexico",PNSN-07,5
us7000t2rh,4,0.3125,10,shallow,0,199,246,0,"Puerto Madero, Mexico",SCEDC-01,0
pr71524788,2.86,0.07499999999999998,20.12,shallow,0,259,126,0,"Cruz Bay, U.S. Virgin Islands",PNSN-07,4
us7000t1h7,4.3,0.375,35,shallow,0,154,284,0,"Kuril’sk, Russia",PNSN-07,5
us7000t1pt,2.8,0.062499999999999965,161.914,intermediate,0,167,121,0,"False Pass, Alaska",USGS-WEST,0
us7000t1h3,3.1,0.12500000000000003,15.596,shallow,0,83,148,0,"Chalkyitsik, Alaska",unknown,0
us7000t1gz,4.2,0.35416666666666674,10,shallow,0,185,271,0,"Puerto Madero, Mexico",PNSN-07,6
us7000t1gx,4.5,0.4166666666666667,10,shallow,0,49,312,0,"Burla, Russia",USGS-WEST,0
us7000t2rf,4.4,0.3958333333333334,10,shallow,0,228,298,0,"Brisas Barra de Suchiate, Mexico",PNSN-07,11
us7000t1ps,4,0.3125,10.961,shallow,0,166,246,0,"Attu Station, Alaska",unknown,0
us7000t2re,4,0.3125,10,shallow,0,209,246,0,"Puerto Madero, Mexico",SCEDC-01,11
us7000t1gi,4.6,0.43749999999999994,10,shallow,0,134,326,0,"Puerto Madero, Mexico",PNSN-07,8
us7000t2rb,4.1,0.33333333333333326,10,shallow,0,174,259,0,"Puerto Madero, Mexico",PNSN-07,13
us7000t1gh,4.4,0.3958333333333334,47.994,shallow,0,126,298,0,"Hasaki, Japan",PNSN-07,14
us7000t1gb,4.4,0.3958333333333334,8.316,shallow,0,103,298,0,"Bluff, New Zealand",PNSN-07,11
aka2026objdob,2.7,0.041666666666666706,29.2,shallow,0,258,112,0,"Akhiok, Alaska",SCEDC-01,8
us7000t1g8,4.2,0.35416666666666674,219.435,intermediate,0,59,271,0,"Jurm, Afghanistan",SCEDC-01,4
us7000t2s6,4.5,0.4166666666666667,10,shallow,0,211,312,0,"Puerto Madero, Mexico",CEA-12,2
us7000t1g1,4.4,0.3958333333333334,10,shallow,0,151,298,0,"Puerto Madero, Mexico",SCEDC-01,13
us7000t2ra,4.2,0.35416666666666674,10,shallow,0,222,271,0,"Puerto Madero, Mexico",USGS-WEST,12
us7000t1fs,4.5,0.4166666666666667,94.393,intermediate,0,123,312,0,"Tual, Indonesia",USGS-WEST,6
us7000t1fp,4.4,0.3958333333333334,10,shallow,0,160,298,0,"Puerto Madero, Mexico",SCEDC-01,10
us7000t1fk,5.1,0.5416666666666666,35,shallow,0,136,400,1,"Puerto Madero, Mexico",PNSN-07,0
us7000t2r5,4.6,0.43749999999999994,47.485,shallow,0,90,326,0,South Sandwich Islands region,unknown,0
us7000t1fj,4.5,0.4166666666666667,17.935,shallow,0,157,312,0,"Puerto Madero, Mexico",PNSN-07,0
us7000t1fh,4.6,0.43749999999999994,35,shallow,0,140,326,0,"Puerto Madero, Mexico",USGS-WEST,3
us7000t1fi,4.4,0.3958333333333334,10,shallow,0,123,298,0,"Mabiton, Philippines",PNSN-07,6
us7000t1fg,4.5,0.4166666666666667,21.241,shallow,0,131,312,0,"Puerto Madero, Mexico",PNSN-07,2
us7000t2s5,4.3,0.375,10,shallow,0,197,284,0,"Brisas Barra de Suchiate, Mexico",CEA-12,0
us7000t2qz,4.2,0.35416666666666674,10,shallow,0,155,271,0,"Puerto Madero, Mexico",CEA-12,7
us7000t2r0,4.1,0.33333333333333326,33.319,shallow,0,180,259,0,"Puerto Madero, Mexico",USGS-WEST,9
us7000t1ff,4.3,0.375,35,shallow,0,180,284,0,"Puerto Madero, Mexico",CEA-12,11
us7000t2s9,4.3,0.375,10,shallow,0,181,284,0,"Puerto Madero, Mexico",PNSN-07,2
us7000t2r3,4.2,0.35416666666666674,10,shallow,0,186,271,0,"Puerto Madero, Mexico",PNSN-07,2
us7000t2qy,4.2,0.35416666666666674,35,shallow,0,175,271,0,"Puerto Madero, Mexico",PNSN-07,9
us7000t2qv,4.5,0.4166666666666667,35,shallow,0,172,312,0,"Brisas Barra de Suchiate, Mexico",unknown,0
us7000t2qw,4.8,0.47916666666666663,35,shallow,0,153,354,0,"Puerto Madero, Mexico",PNSN-07,5
us7000t1f6,5,0.5208333333333334,36.836,shallow,0,90,385,1,"Puerto Madero, Mexico",SCEDC-01,12
us7000t2qx,4.3,0.375,10,shallow,0,182,284,0,"Puerto Madero, Mexico",PNSN-07,9
us7000t1f0,5.1,0.5416666666666666,35,shallow,0,155,400,1,"Puerto Madero, Mexico",SCEDC-01,6
aka2026obephy,2.7,0.041666666666666706,72.8,intermediate,0,213,112,0,"Adak, Alaska",USGS-WEST,9
aka2026obemtt,2.6,0.020833333333333353,71.7,intermediate,1,33,104,0,"Tyonek, Alaska",PNSN-07,3
us7000t1ey,5.1,0.5416666666666666,17.41,shallow,0,154,400,1,"Puerto Madero, Mexico",USGS-WEST,12
us7000t1ev,4.6,0.43749999999999994,10,shallow,0,153,326,0,"Puerto Madero, Mexico",USGS-WEST,11
us7000t1f5,4.3,0.375,10,shallow,0,184,284,0,"Puerto Madero, Mexico",CEA-12,4
us7000t2qr,4.5,0.4166666666666667,10,shallow,0,157,312,0,"Puerto Madero, Mexico",CEA-12,8
us7000t1em,4.4,0.3958333333333334,10,shallow,0,182,298,0,"Puerto Madero, Mexico",SCEDC-01,9
aka2026obdqvp,2.7,0.041666666666666706,4.1,shallow,0,227,112,0,"Akutan, Alaska",USGS-WEST,6
us7000t2qn,4.3,0.375,35,shallow,0,229,284,0,"Brisas Barra de Suchiate, Mexico",USGS-WEST,7
us7000t2qq,4.7,0.45833333333333337,10,shallow,0,184,340,0,southern Mid-Atlantic Ridge,unknown,0
us7000t1ek,4.4,0.3958333333333334,10,shallow,0,210,298,0,"Puerto Madero, Mexico",PNSN-07,5
us7000t1ej,4.6,0.43749999999999994,110.869,intermediate,0,121,326,0,"Kokopo, Papua New Guinea",unknown,0
us7000t2qm,4.7,0.45833333333333337,74.557,intermediate,0,69,340,0,South Sandwich Islands region,PNSN-07,1
us7000t2qi,4.4,0.3958333333333334,35,shallow,0,223,298,0,"Ocós, Guatemala",USGS-WEST,6
us7000t1e8,5.3,0.5833333333333334,70.473,intermediate,5,58,435,1,"Pangyan, Philippines",CEA-12,9
us7000t2qh,4.8,0.47916666666666663,35,shallow,0,200,354,0,"Puerto Madero, Mexico",PNSN-07,15
us7000t2qk,4.6,0.43749999999999994,10,shallow,0,209,326,0,"Puerto Madero, Mexico",PNSN-07,10
us7000t1ep,5.1,0.5416666666666666,64.069,shallow,0,141,400,1,"Puerto Madero, Mexico",PNSN-07,11
us7000t1dz,4.9,0.5000000000000001,35,shallow,0,137,369,0,"Puerto Madero, Mexico",unknown,0
us7000t1dv,5.1,0.5416666666666666,10,shallow,0,90,400,1,"Puerto Madero, Mexico",unknown,0
us7000t2qe,4.3,0.375,35,shallow,0,171,284,0,"Puerto Madero, Mexico",PNSN-07,0
us7000t2qd,4.5,0.4166666666666667,35,shallow,0,204,312,0,"Puerto Madero, Mexico",SCEDC-01,1
aka2026obbvrc,2.5,0.0,128.6,intermediate,0,70,96,0,"Pedro Bay, Alaska",USGS-WEST,11
us7000t2qf,4.5,0.4166666666666667,10,shallow,0,224,312,0,"Puerto Madero, Mexico",CEA-12,12
us7000t2qb,4.7,0.45833333333333337,35,shallow,0,162,340,0,"Puerto Madero, Mexico",USGS-WEST,0
us7000t2qa,4.9,0.5000000000000001,10,shallow,0,194,369,0,"Puerto Madero, Mexico",PNSN-07,10
us7000t2sl,4.2,0.35416666666666674,10,shallow,0,208,271,0,"Puerto Madero, Mexico",PNSN-07,13
us7000t1du,5,0.5208333333333334,56.114,shallow,0,90,385,1,"Puerto Madero, Mexico",SCEDC-01,5
us7000t2qc,5,0.5208333333333334,52,shallow,0,180,385,1,"Aquiles Serdán, Mexico",CEA-12,12
us7000t1cc,6.4,0.8125000000000001,10,shallow,2,61,631,1,"Puerto Madero, Mexico",PNSN-07,8
us7000t1c2,5.1,0.5416666666666666,10,shallow,0,76,400,1,"Puerto Madero, Mexico",USGS-WEST,4
us7000t1c1,5.3,0.5833333333333334,10,shallow,6,80,435,1,"Puerto Madero, Mexico",unknown,0
us7000t2q6,4.5,0.4166666666666667,35,shallow,0,135,312,0,"Puerto Madero, Mexico",USGS-WEST,5
us7000t2q8,4.5,0.4166666666666667,10,shallow,0,189,312,0,"Puerto Madero, Mexico",CEA-12,6
us7000t2q5,5,0.5208333333333334,10,shallow,0,211,385,1,"Ocós, Guatemala",SCEDC-01,7
us7000t2se,5,0.5208333333333334,10,shallow,1,230,385,1,"Puerto Madero, Mexico",USGS-WEST,1
us7000t2si,5.1,0.5416666666666666,10,shallow,0,208,400,1,"Puerto Madero, Mexico",USGS-WEST,11
us7000t1bu,7.3,1.0,22,shallow,288,51,1033,1,"Puerto Madero, Mexico",CEA-12,11
us7000t1gu,4.8,0.47916666666666663,10,shallow,0,75,354,0,southern Mid-Atlantic Ridge,PNSN-07,11
us7000t1b6,4,0.3125,163.497,intermediate,0,73,246,0,"Lospalos, Timor Leste",CEA-12,2
us7000t1b3,5.1,0.5416666666666666,75.675,intermediate,0,38,400,1,"Kirakira, Solomon Islands",SCEDC-01,6
us7000t1ai,4.7,0.45833333333333337,35,shallow,5,175,341,0,"Puerto Madero, Mexico",unknown,0
us7000t1b0,5,0.5208333333333334,10,shallow,0,88,385,1,the Kermadec Islands,USGS-WEST,0
us7000t1a9,4.4,0.3958333333333334,35,shallow,0,123,298,0,"Tambolaka, Indonesia",PNSN-07,2
us7000t2q3,4.4,0.3958333333333334,10,shallow,0,117,298,0,the Kermadec Islands,PNSN-07,0
us7000t2q2,4.1,0.33333333333333326,61.155,shallow,0,153,259,0,"Mil’kovo, Russia",unknown,0
us7000t2q1,4.4,0.3958333333333334,28.15,shallow,0,128,298,0,"Kokopo, Papua New Guinea",SCEDC-01,14
us7000t2q0,4.8,0.47916666666666663,10,shallow,0,87,354,0,"Gizo, Solomon Islands",CEA-12,1
us7000t2pz,4.3,0.375,54.184,shallow,0,174,284,0,"Villa El Carmen, Nicaragua",USGS-WEST,8
us7000t19u,5.3,0.5833333333333334,10,shallow,0,46,432,1,"Hadibu, Yemen",PNSN-07,1
us7000t19p,4.6,0.43749999999999994,10,shallow,0,112,326,0,"Hadibu, Yemen",SCEDC-01,8
us7000t1pp,3.7,0.25000000000000006,22.291,shallow,0,173,211,0,"Attu Station, Alaska",USGS-WEST,12
us7000t2px,4.4,0.3958333333333334,122.82,intermediate,0,99,298,0,South Sandwich Islands region,PNSN-07,13
aka2026oasndv,2.6,0.020833333333333353,20.4,shallow,0,242,104,0,"Adak, Alaska",CEA-12,8
us7000t2pw,4.2,0.35416666666666674,10,shallow,0,232,271,0,"Qalansīyah, Yemen",CEA-12,3
us7000t2pv,4.4,0.3958333333333334,35,shallow,0,131,298,0,South Sandwich Islands region,CEA-12,12
nc75397611,2.57,0.0145833333333333,13.73,shallow,1,38,102,0,"Burney, CA",SCEDC-01,13
us7000t19a,4.6,0.43749999999999994,29.067,shallow,0,127,326,0,"Claveria, Philippines",CEA-12,4
us7000t1p6,2.5,0.0,10,shallow,0,218,96,0,"Akutan, Alaska",PNSN-07,4
us7000t2pt,4.4,0.3958333333333334,10,shallow,0,81,298,0,southern Mid-Atlantic Ridge,USGS-WEST,0
us7000t1p0,2.6,0.020833333333333353,197.618,intermediate,0,210,104,0,"Nikolski, Alaska",PNSN-07,11
us7000t1nz,2.7,0.041666666666666706,35,shallow,0,234,112,0,"Adak, Alaska",PNSN-07,13
nc75397551,2.97,0.09791666666666671,11.46,shallow,84,55,170,0,"Interlaken, CA",unknown,0
us7000t18g,4.4,0.3958333333333334,313.963,deep,0,45,298,0,"Lospalos, Timor Leste",PNSN-07,0
us7000t1ny,2.8,0.062499999999999965,8.861,shallow,0,191,121,0,"Atka, Alaska",CEA-12,0
us7000t2pq,4.6,0.43749999999999994,10,shallow,0,69,326,0,"Malango, Solomon Islands",USGS-WEST,6
us7000t18c,4.4,0.3958333333333334,532.428,deep,0,101,298,0,Fiji region,SCEDC-01,4
us7000t196,3.5,0.20833333333333334,10.168,shallow,0,184,188,0,"Attu Station, Alaska",SCEDC-01,13
us7000t192,2.6,0.020833333333333353,10,shallow,0,224,104,0,"Unalaska, Alaska",USGS-WEST,9
us7000t18z,3.3,0.16666666666666663,10,shallow,0,204,168,0,"Attu Station, Alaska",USGS-WEST,7
aka2026oahoel,3,0.10416666666666667,5,shallow,0,63,138,0,"Dry Creek, Alaska",PNSN-07,6
us7000t18v,2.6,0.020833333333333353,10.843,shallow,0,250,104,0,"False Pass, Alaska",USGS-WEST,0
aka2026oagrvb,2.6,0.020833333333333353,3.2,shallow,0,270,104,0,"Unalaska, Alaska",PNSN-07,15
us7000t18t,2.5,0.0,35,shallow,0,244,96,0,"False Pass, Alaska",unknown,0
aka2026oaeptv,2.5,0.0,16.3,shallow,0,304,96,0,"Nikolski, Alaska",CEA-12,12
hv75003082,2.74,0.050000000000000044,30.07,shallow,0,163,116,0,"Pāhala, Hawaii",CEA-12,2
us7000t2pl,4.3,0.375,10,shallow,0,141,284,0,southern Mid-Atlantic Ridge,CEA-12,0
aka2026oacfek,2.5,0.0,14.9,shallow,0,274,96,0,"Nikolski, Alaska",PNSN-07,11
us7000t2pk,4.6,0.43749999999999994,10,shallow,0,77,326,0,southern Mid-Atlantic Ridge,SCEDC-01,6
us7000t17h,4.9,0.5000000000000001,10,shallow,0,64,369,0,southern Mid-Atlantic Ridge,SCEDC-01,14
us7000t18n,3.4,0.1875,10,shallow,0,195,178,0,"Attu Station, Alaska",CEA-12,10
us7000t17e,4.5,0.4166666666666667,10,shallow,0,146,312,0,Owen Fracture Zone region,SCEDC-01,3
us7000t2pj,4.6,0.43749999999999994,10,shallow,0,72,326,0,Mid-Indian Ridge,PNSN-07,6
us7000t2ph,4.7,0.45833333333333337,10,shallow,0,139,340,0,southern Mid-Atlantic Ridge,PNSN-07,6
us7000t173,4.9,0.5000000000000001,10,shallow,0,60,369,0,"Shwebo, Burma (Myanmar)",USGS-WEST,9
us7000t2pf,4.7,0.45833333333333337,10,shallow,0,122,340,0,southern Mid-Atlantic Ridge,unknown,0
us7000t18k,3.1,0.12500000000000003,5.099,shallow,0,194,148,0,"Attu Station, Alaska",SCEDC-01,5
us7000t171,4.8,0.47916666666666663,10,shallow,0,108,354,0,"Dunhuang, China",USGS-WEST,2
us7000t2pd,4.3,0.375,43.744,shallow,0,125,284,0,"Nishinoomote, Japan",CEA-12,5
ci40656850,2.54,0.008333333333333342,18.23,shallow,0,27,99,0,"Cabazon, CA",USGS-WEST,13
us7000t18i,2.5,0.0,35,shallow,0,231,96,0,"King Cove, Alaska",SCEDC-01,1
us7000t16p,4.4,0.3958333333333334,551.498,deep,0,103,298,0,the Fiji Islands,SCEDC-01,5
tx2026nxnzkm,3.3,0.16666666666666663,7.1289,shallow,1,87,168,0,"Garden City, Texas",PNSN-07,13
us7000t29d,4.3,0.375,34.892,shallow,0,187,284,0,"Vilyuchinsk, Russia",PNSN-07,5
us7000t29b,4.1,0.33333333333333326,45.39,shallow,0,131,259,0,"Nishinoomote, Japan",CEA-12,0
us7000t167,4.4,0.3958333333333334,207.975,intermediate,0,93,298,0,"Lata, Solomon Islands",unknown,0
us7000t15z,5,0.5208333333333334,10,shallow,0,64,385,1,southern Mid-Atlantic Ridge,USGS-WEST,14
us7000t15t,5.1,0.5416666666666666,35,shallow,2,80,401,1,"Nishinoomote, Japan",unknown,0
us7000t15s,4.7,0.45833333333333337,10,shallow,0,77,340,0,southern Mid-Atlantic Ridge,USGS-WEST,14
us7000t15b,5,0.5208333333333334,10,shallow,0,57,385,1,southern Mid-Atlantic Ridge,PNSN-07,1
us7000t298,4.5,0.4166666666666667,10,shallow,0,86,312,0,southern Mid-Atlantic Ridge,unknown,0
us7000t299,4.3,0.375,10,shallow,0,117,284,0,southern Mid-Atlantic Ridge,CEA-12,7
us7000t186,4.8,0.47916666666666663,10,shallow,0,61,354,0,southern Mid-Atlantic Ridge,PNSN-07,0
us7000t14v,5.3,0.5833333333333334,10,shallow,0,61,432,1,southern Mid-Atlantic Ridge,USGS-WEST,11
us7000t14r,4.9,0.5000000000000001,10,shallow,0,64,369,0,southern Mid-Atlantic Ridge,SCEDC-01,15
us7000t14m,5,0.5208333333333334,10,shallow,0,64,385,1,southern Mid-Atlantic Ridge,CEA-12,0
us7000t293,4.4,0.3958333333333334,10,shallow,0,135,298,0,"Tigbao, Philippines",unknown,0
us7000t185,4.8,0.47916666666666663,10,shallow,0,63,354,0,southern Mid-Atlantic Ridge,PNSN-07,12
ci40656658,2.62,0.025000000000000022,5.02,shallow,0,51,106,0,"Progreso, B.C., MX",CEA-12,1
us7000t14l,5,0.5208333333333334,10,shallow,0,61,385,1,southern Mid-Atlantic Ridge,PNSN-07,14
aka2026nzntdt,3.3,0.16666666666666663,69.2,shallow,0,51,168,0,"Aleneva, Alaska",PNSN-07,15
us7000t145,3,0.10416666666666667,10,shallow,0,202,138,0,"Attu Station, Alaska",PNSN-07,4
us7000t291,4.6,0.43749999999999994,10,shallow,0,190,326,0,southern Mid-Atlantic Ridge,PNSN-07,10
us7000t141,4.8,0.47916666666666663,10,shallow,0,74,354,0,southern Mid-Atlantic Ridge,CEA-12,12
us7000t28y,4.6,0.43749999999999994,10,shallow,0,107,326,0,"Fais, Micronesia",PNSN-07,11
us7000t142,2.9,0.08333333333333331,10,shallow,0,200,129,0,"Attu Station, Alaska",USGS-WEST,5
us7000t28z,4.2,0.35416666666666674,130.248,intermediate,0,175,271,0,"Tajumulco, Guatemala",PNSN-07,10
aka2026nzluwx,2.5,0.0,34.7,shallow,0,222,96,0,"Akutan, Alaska",PNSN-07,7
aka2026nzlqxm,2.6,0.020833333333333353,5.1,shallow,0,89,104,0,"Chenega, Alaska",USGS-WEST,14
us7000t28x,4.4,0.3958333333333334,10,shallow,0,164,298,0,Kermadec Islands region,CEA-12,0
us7000t12z,4.4,0.3958333333333334,170.139,intermediate,0,63,298,0,"San Pedro de Atacama, Chile",SCEDC-01,4
us7000t13p,2.8,0.062499999999999965,15.293,shallow,0,191,121,0,"Attu Station, Alaska",USGS-WEST,14
us7000t12v,4.6,0.43749999999999994,82.492,intermediate,0,100,326,0,"Kokopo, Papua New Guinea",PNSN-07,1
us7000t13i,2.7,0.041666666666666706,10,shallow,0,194,112,0,"Attu Station, Alaska",PNSN-07,15
us7000t12r,4.2,0.35416666666666674,10,shallow,0,167,271,0,"Attu Station, Alaska",USGS-WEST,4
us7000t28v,4.4,0.3958333333333334,35,shallow,0,266,298,0,"Sarangani, Philippines",SCEDC-01,12
us7000t132,2.8,0.062499999999999965,10,shallow,0,204,121,0,"Attu Station, Alaska",SCEDC-01,6
us7000t119,4.5,0.4166666666666667,10,shallow,0,151,312,0,"Katsuura, Japan",PNSN-07,11
us7000t117,4.2,0.35416666666666674,59.964,shallow,0,156,271,0,"Kuji, Japan",PNSN-07,0
aka2026nzghnm,2.8,0.062499999999999965,2.8,shallow,0,44,121,0,"Tanana, Alaska",SCEDC-01,2
us7000t130,2.9,0.08333333333333331,10,shallow,0,195,129,0,"Attu Station, Alaska",SCEDC-01,7
ci40656458,2.99,0.10208333333333339,7.19,shallow,2,52,138,0,"Progreso, B.C., MX",PNSN-07,12
aka2026nzdxmt,2.5,0.0,148.4,intermediate,0,58,96,0,"Ugashik, Alaska",USGS-WEST,12
us7000t16d,2.5,0.0,10,shallow,0,257,96,0,"King Cove, Alaska",unknown,0
pr71524663,3.04,0.11250000000000002,23.48,shallow,0,200,142,0,"Charlotte Amalie, U.S. Virgin Islands",PNSN-07,0
us7000t0yi,4.5,0.4166666666666667,254.428,intermediate,0,123,312,0,"Neiafu, Tonga",CEA-12,15
us7000t28p,4.4,0.3958333333333334,553.274,deep,0,178,298,0,the Fiji Islands,USGS-WEST,4
us7000t28q,4.4,0.3958333333333334,10,shallow,0,123,298,0,"Volcano Islands, Japan region",USGS-WEST,5
uu80145411,3.33,0.1729166666666667,6.53,shallow,28,49,181,0,"Mammoth, Wyoming",PNSN-07,7
us7000t28l,4.2,0.35416666666666674,77.3,intermediate,0,136,271,0,"Eloúnda, Greece",SCEDC-01,12
us7000t152,2.6,0.020833333333333353,5.874,shallow,0,112,104,0,"Adak, Alaska",PNSN-07,4
aka2026nyyois,2.9,0.08333333333333331,6.2,shallow,0,118,129,0,"Adak, Alaska",USGS-WEST,7
us7000t11d,3,0.10416666666666667,3.295,shallow,0,86,138,0,"Atka, Alaska",SCEDC-01,4
us7000t13m,2.8,0.062499999999999965,1.182,shallow,0,90,121,0,"Atka, Alaska",unknown,0
us7000t11j,2.8,0.062499999999999965,4.769,shallow,0,197,121,0,"Atka, Alaska",SCEDC-01,0
aka2026nyxoap,5.2,0.5625000000000001,8.5,shallow,11,46,419,1,"McCarthy, Alaska",PNSN-07,2
us7000t0y9,4.5,0.4166666666666667,35,shallow,0,104,312,0,"Tual, Indonesia",PNSN-07,11
us7000t0xw,4.8,0.47916666666666663,64.501,shallow,1,117,355,0,"Coquimbo, Chile",CEA-12,0
us7000t0xy,4.4,0.3958333333333334,47.931,shallow,0,150,298,0,"Santa Cruz, Panama",PNSN-07,5
uu80145401,3.21,0.14791666666666667,-2.16,shallow,0,112,159,0,"Little America, Wyoming",SCEDC-01,10
us7000t0xb,5.9,0.7083333333333335,73.615,intermediate,36,56,551,1,"Te Anau, New Zealand",unknown,0
us7000t28g,4.6,0.43749999999999994,35,shallow,0,70,326,0,the Kermadec Islands,PNSN-07,11
us7000t0x8,4.9,0.5000000000000001,10,shallow,0,132,369,0,"Hicks Bay, New Zealand",PNSN-07,7
aka2026nysert,2.6,0.020833333333333353,73.6,intermediate,0,27,104,0,"Cantwell, Alaska",SCEDC-01,12
us7000t0x0,5.3,0.5833333333333334,18.081,shallow,0,70,432,1,"Volcano Islands, Japan region",CEA-12,5
us7000t0x1,4.8,0.47916666666666663,10,shallow,0,275,354,0,"Altata, Mexico",unknown,0
us7000t289,4.2,0.35416666666666674,580.953,deep,0,118,271,0,Fiji region,CEA-12,15
nc75396921,2.64,0.029166666666666695,38.68,shallow,2,28,107,0,"Somes Bar, CA",USGS-WEST,0
us7000t0wh,4.7,0.45833333333333337,10.007,shallow,0,125,340,0,"Sarangani, Philippines",PNSN-07,15
us7000t288,4.5,0.4166666666666667,22.256,shallow,0,155,312,0,"Kokopo, Papua New Guinea",unknown,0
aka2026nyloki,3.2,0.14583333333333337,5,shallow,0,64,158,0,"Aleknagik, Alaska",unknown,0
us7000t0wb,2.7,0.041666666666666706,21.477,shallow,0,212,112,0,"Nikolski, Alaska",PNSN-07,2
pr71524593,2.92,0.0875,21.66,shallow,0,321,131,0,"San Antonio, Puerto Rico",PNSN-07,8
aka2026nyfzvy,3.5,0.20833333333333334,5,shallow,0,112,188,0,"Yakutat, Alaska",CEA-12,10
us7000t284,3.9,0.2916666666666667,15.144,shallow,0,192,234,0,"Attu Station, Alaska",SCEDC-01,0
aka2026nyeszt,3.1,0.12500000000000003,10,shallow,1,81,148,0,"Aleknagik, Alaska",USGS-WEST,4
us7000t0v3,4.3,0.375,97.662,intermediate,0,84,284,0,"Calama, Chile",PNSN-07,4
aka2026nyeobt,4.9,0.5000000000000001,3.2,shallow,18,31,376,0,"Aleknagik, Alaska",CEA-12,0
us7000t0w6,2.5,0.0,10.285,shallow,0,228,96,0,"Adak, Alaska",SCEDC-01,14
us7000t0uy,4.8,0.47916666666666663,10,shallow,0,101,354,0,"Basco, Philippines",SCEDC-01,4
us7000t0w0,2.8,0.062499999999999965,10,shallow,0,241,121,0,"Atka, Alaska",CEA-12,10
us7000t0uv,2.5,0.0,35.824,shallow,0,237,96,0,"Adak, Alaska",CEA-12,11
us7000t0uu,3.5,0.20833333333333334,10,shallow,0,190,188,0,"Attu Station, Alaska",PNSN-07,4
pr71524578,2.51,0.002083333333333289,16.39,shallow,0,230,97,0,"Puerto Real, Puerto Rico",SCEDC-01,0
us7000t0ul,2.5,0.0,8.109,shallow,0,65,96,0,"Takotna, Alaska",PNSN-07,0
us7000t0uf,4.7,0.45833333333333337,62.797,shallow,2,127,340,0,"Yōkaichiba, Japan",PNSN-07,5
aka2026nxzden,2.7,0.041666666666666706,75.1,intermediate,0,128,112,0,"Chignik, Alaska",PNSN-07,0
us7000t0ue,2.9,0.08333333333333331,35,shallow,0,221,129,0,"False Pass, Alaska",USGS-WEST,2
us7000t0u6,5.8,0.6875,340,deep,0,39,518,1,the Fiji Islands,unknown,0
us7000t0tz,4.5,0.4166666666666667,637.713,deep,0,101,312,0,Fiji region,USGS-WEST,7
us7000t0tx,4.2,0.35416666666666674,309.814,deep,0,124,271,0,Mariana Islands region,USGS-WEST,8
us7000t0tp,4.6,0.43749999999999994,35,shallow,0,113,326,0,"Basco, Philippines",USGS-WEST,13
us7000t0ta,2.6,0.020833333333333353,10,shallow,0,277,104,0,"Ferndale, California",CEA-12,15
us7000t0ss,4.3,0.375,152.447,intermediate,3,40,285,0,"Villanueva, Colombia",PNSN-07,10
aka2026nxrisg,3.5,0.20833333333333334,3.3,shallow,0,30,188,0,"Denali National Park, Alaska",CEA-12,15
aka2026nxqdwi,2.9,0.08333333333333331,9.3,shallow,0,133,129,0,"Yakutat, Alaska",CEA-12,0
us7000t0tu,2.8,0.062499999999999965,3.93,shallow,0,214,121,0,"King Cove, Alaska",SCEDC-01,11
us7000t27x,4.3,0.375,138.781,intermediate,0,92,284,0,"Tobelo, Indonesia",CEA-12,12
pr71524518,3.05,0.1145833333333333,36.45,shallow,0,234,143,0,"Charlotte Amalie, U.S. Virgin Islands",CEA-12,12
us7000t0r4,4.3,0.375,10,shallow,0,131,284,0,Alaska,SCEDC-01,0
pr71524503,3.3,0.16666666666666663,59.86,shallow,0,220,168,0,"Culebra, Puerto Rico",PNSN-07,0
us7000t27v,4.9,0.5000000000000001,10,shallow,0,68,369,0,"Hihifo, Tonga",PNSN-07,0
pr71524508,3.18,0.14166666666666672,46.8,shallow,0,251,156,0,"Charlotte Amalie, U.S. Virgin Islands",PNSN-07,3
aka2026nxmwde,3.2,0.14583333333333337,3.3,shallow,0,131,158,0,"Yakutat, Alaska",CEA-12,13
us7000t27u,4.4,0.3958333333333334,291.289,intermediate,0,93,298,0,"Houma, Tonga",PNSN-07,8
us7000t0t2,3.4,0.1875,10,shallow,0,193,178,0,"Attu Station, Alaska",CEA-12,0
aka2026nxlqqz,2.5,0.0,87.7,intermediate,0,64,96,0,"Anchor Point, Alaska",USGS-WEST,10
us7000t0sw,3.3,0.16666666666666663,10,shallow,0,195,168,0,"Attu Station, Alaska",PNSN-07,0
us7000t27r,4.5,0.4166666666666667,10,shallow,0,52,312,0,"Abepura, Indonesia",unknown,0
pr71524458,3.01,0.10624999999999996,18.77,shallow,1,191,139,0,"Isabel Segunda, Puerto Rico",PNSN-07,5
us7000t0nx,4.8,0.47916666666666663,126.637,intermediate,0,79,354,0,South Sandwich Islands region,PNSN-07,0
pr71524443,2.58,0.016666666666666684,14.11,shallow,0,156,102,0,"Indios, Puerto Rico",SCEDC-01,4
nc75396331,2.71,0.04375,6.73,shallow,14,38,117,0,"Cloverdale, CA",PNSN-07,13
us7000t0ng,5.5,0.625,14.675,shallow,0,36,465,1,the South Sandwich Islands,USGS-WEST,2
us7000t0nc,4.3,0.375,56.369,shallow,0,117,284,0,"Puerto El Triunfo, El Salvador",unknown,0
us7000t27p,4.4,0.3958333333333334,10,shallow,0,117,298,0,the South Sandwich Islands,PNSN-07,4
aka2026nxffud,2.6,0.020833333333333353,58.1,shallow,0,31,104,0,"Point Possession, Alaska",USGS-WEST,2
pr71524408,2.62,0.025000000000000022,14.97,shallow,0,177,106,0,"Guánica, Puerto Rico",PNSN-07,2
us7000t0sj,3.1,0.12500000000000003,10,shallow,0,199,148,0,"Attu Station, Alaska",CEA-12,0
us7000t0mr,4.4,0.3958333333333334,10,shallow,0,103,298,0,"Ust’-Kamchatsk Staryy, Russia",unknown,0
us7000t0sh,3.1,0.12500000000000003,10,shallow,0,192,148,0,"Attu Station, Alaska",unknown,0
us7000t0mp,4.6,0.43749999999999994,64.139,shallow,0,133,326,0,"Noda, Japan",SCEDC-01,15
aka2026nxdfoy,2.6,0.020833333333333353,10.8,shallow,0,221,104,0,"False Pass, Alaska",USGS-WEST,1
us7000t0sg,3.2,0.14583333333333337,10,shallow,0,198,158,0,"Attu Station, Alaska",PNSN-07,13
us7000t0sb,2.9,0.08333333333333331,10,shallow,0,189,129,0,"Attu Station, Alaska",unknown,0
us7000t0s9,2.5,0.0,10.509,shallow,0,220,96,0,"False Pass, Alaska",USGS-WEST,0
us7000t0s5,3.1,0.12500000000000003,10,shallow,0,189,148,0,"Attu Station, Alaska",unknown,0
us7000t0mj,4.2,0.35416666666666674,142.442,intermediate,0,63,271,0,"Ollagüe, Chile",unknown,0
us7000t27j,3.8,0.2708333333333333,18.845,shallow,0,208,222,0,"Rat Islands, Aleutian Islands, Alaska",PNSN-07,0
us7000t27g,4.5,0.4166666666666667,10,shallow,0,148,312,0,"Puerto Ayora, Ecuador",PNSN-07,0
us7000t27i,4.6,0.43749999999999994,10,shallow,0,99,326,0,Easter Island region,PNSN-07,14
us7000t27h,4.5,0.4166666666666667,77.923,intermediate,0,73,312,0,"Balangonan, Philippines",SCEDC-01,0
tx2026nusird,2.9,0.08333333333333331,6.7151,shallow,0,70,129,0,"Toyah, Texas",CEA-12,3
aka2026nwxgkr,2.5,0.0,21.9,shallow,0,43,96,0,"Tatitlek, Alaska",PNSN-07,1
us7000t0lu,3.7,0.25000000000000006,17.413,shallow,0,159,211,0,"False Pass, Alaska",SCEDC-01,2
nc75396201,2.52,0.004166666666666671,7.83,shallow,0,36,98,0,"Covelo, CA",CEA-12,14
ci40655194,3.13,0.13124999999999998,9.38,shallow,2,24,151,0,"Ocotillo Wells, CA",PNSN-07,10
aka2026nwvvyi,3,0.10416666666666667,10,shallow,0,33,138,0,"Denali National Park, Alaska",CEA-12,5
us7000t0lk,2.6,0.020833333333333353,112.234,intermediate,0,221,104,0,"Rat Islands, Aleutian Islands, Alaska",PNSN-07,10
tx2026nuobbt,2.6,0.020833333333333353,9.3427,shallow,0,69,104,0,"Toyah, Texas",USGS-WEST,7
us7000t27a,4.4,0.3958333333333334,519.881,deep,0,177,298,0,the Fiji Islands,SCEDC-01,0
us7000t0lg,2.8,0.062499999999999965,131.574,intermediate,0,235,121,0,"Rat Islands, Aleutian Islands, Alaska",SCEDC-01,2
us7000t279,4.6,0.43749999999999994,35,shallow,0,91,326,0,"Union, Philippines",SCEDC-01,14
us7000t0lf,2.6,0.020833333333333353,7.657,shallow,0,246,104,0,"False Pass, Alaska",SCEDC-01,1
ci40655106,2.72,0.04583333333333338,2.09,shallow,2,40,114,0,"Coso Junction, CA",USGS-WEST,0
us7000t0kl,4.2,0.35416666666666674,34.534,shallow,1,146,272,0,"Valparaíso, Chile",PNSN-07,1
nc75396126,2.62,0.025000000000000022,28.64,shallow,0,42,106,0,"Fortuna, CA",PNSN-07,0
us7000t275,4.2,0.35416666666666674,10,shallow,0,229,271,0,"Ozernovskiy, Russia",PNSN-07,10
aka2026nwlupu,2.8,0.062499999999999965,78.5,intermediate,1,33,121,0,"Petersville, Alaska",CEA-12,6
us7000t276,4.5,0.4166666666666667,87.695,intermediate,0,188,312,0,"Santiago, Philippines",CEA-12,6
us7000t0ke,4.6,0.43749999999999994,10,shallow,0,124,326,0,"Vilyuchinsk, Russia",PNSN-07,5
us7000t0k4,5,0.5208333333333334,10,shallow,0,123,385,1,"Vilyuchinsk, Russia",SCEDC-01,6
us7000t0k1,5,0.5208333333333334,10,shallow,0,90,385,1,"Vilyuchinsk, Russia",PNSN-07,0
us7000t0k0,4.5,0.4166666666666667,10,shallow,0,144,312,0,"Santiago, Peru",PNSN-07,1
us7000t0lb,2.7,0.041666666666666706,17.409,shallow,0,216,112,0,"Adak, Alaska",CEA-12,0
us7000t0jk,4,0.3125,31.207,shallow,0,141,246,0,"Valparaíso, Chile",SCEDC-01,0
us7000t272,4.5,0.4166666666666667,10,shallow,1,137,312,0,"Caburan, Philippines",SCEDC-01,4
aka2026nwhrbj,2.5,0.0,20,shallow,0,317,96,0,"Adak, Alaska",unknown,0
pr71524378,2.61,0.02291666666666664,14.43,shallow,0,191,105,0,"Guánica, Puerto Rico",CEA-12,3
us7000t0it,5.1,0.5416666666666666,23.716,shallow,19,140,409,1,"Valparaíso, Chile",USGS-WEST,5
us7000t0iv,4.4,0.3958333333333334,83.805,intermediate,0,135,298,0,"Severo-Kuril’sk, Russia",PNSN-07,14
us7000t0l7,2.7,0.041666666666666706,10.094,shallow,0,244,112,0,"False Pass, Alaska",unknown,0
us7000t0l4,2.8,0.062499999999999965,20.796,shallow,0,260,121,0,"Sand Point, Alaska",PNSN-07,7
us7000t0l3,3.3,0.16666666666666663,35,shallow,0,207,168,0,"Attu Station, Alaska",SCEDC-01,0
pr71524353,3.2,0.14583333333333337,21.57,shallow,0,302,158,0,"San Antonio, Puerto Rico",SCEDC-01,3
us7000t0ia,5.1,0.5416666666666666,10,shallow,0,43,400,1,South Sandwich Islands region,SCEDC-01,0
us7000t0l2,2.7,0.041666666666666706,8.737,shallow,0,247,112,0,"False Pass, Alaska",CEA-12,8
us7000t0il,4.6,0.43749999999999994,10,shallow,0,114,326,0,"Abepura, Indonesia",CEA-12,3
us7000t0i4,4,0.3125,10,shallow,0,137,246,0,"Puerto Madero, Mexico",CEA-12,12
pr71524338,3.17,0.13958333333333334,20.18,shallow,0,215,155,0,"Boca de Yuma, Dominican Republic",SCEDC-01,3
us7000t0hk,5.5,0.625,575.883,deep,0,22,465,1,Fiji region,PNSN-07,8
us7000t1z3,4.3,0.375,172.668,intermediate,0,109,284,0,"Kermadec Islands, New Zealand",CEA-12,0
us7000t1z2,4.3,0.375,80.933,intermediate,0,87,284,0,"Chauk, Burma (Myanmar)",PNSN-07,3
us7000t1z0,4.4,0.3958333333333334,10,shallow,0,123,298,0,"Gorontalo, Indonesia",PNSN-07,1
us7000t1yy,4.3,0.375,140.835,intermediate,0,132,284,0,"Port-Olry, Vanuatu",PNSN-07,10
us7000t1yx,4.5,0.4166666666666667,47.616,shallow,0,127,312,0,"Balangonan, Philippines",unknown,0
us7000t0rl,3.3,0.16666666666666663,9.693,shallow,0,243,168,0,"False Pass, Alaska",unknown,0
us7000t0fu,5.4,0.6041666666666667,49.495,shallow,7,96,452,1,"False Pass, Alaska",SCEDC-01,15
us7000t0l0,4.3,0.375,10,shallow,0,103,284,0,western Xizang,SCEDC-01,10
us7000t0uq,2.9,0.08333333333333331,28.746,shallow,0,203,129,0,"Adak, Alaska",PNSN-07,12
aka2026nvrhey,3.2,0.14583333333333337,12,shallow,0,249,158,0,"Chignik, Alaska",unknown,0
pr71524178,3.12,0.1291666666666667,47.83,shallow,0,229,150,0,"Charlotte Amalie, U.S. Virgin Islands",SCEDC-01,8
us7000t0ej,4.3,0.375,42.342,shallow,2,149,285,0,"False Pass, Alaska",CEA-12,4
us7000t1yv,4.2,0.35416666666666674,115.803,intermediate,0,134,271,0,"Paratunka, Russia",unknown,0
aka2026nvomdp,2.6,0.020833333333333353,23.5,shallow,0,258,104,0,"Sand Point, Alaska",USGS-WEST,7
us7000t1z6,4.8,0.47916666666666663,170.955,intermediate,0,125,354,0,"Tobelo, Indonesia",unknown,0
tx2026ntiklz,2.9,0.08333333333333331,6.482,shallow,1,79,130,0,"Dilley, Texas",PNSN-07,3
us7000t0d0,6.2,0.7708333333333334,47.842,shallow,87,23,644,1,"Sarangani, Philippines",PNSN-07,1
us7000t0la,4.7,0.45833333333333337,10,shallow,0,105,340,0,South Sandwich Islands region,USGS-WEST,10
us7000t0cl,4,0.3125,15.466,shallow,16,68,252,0,"Las Terrenas, Dominican Republic",SCEDC-01,2
us7000t0ce,4.1,0.33333333333333326,10,shallow,0,132,259,0,"Ürümqi, China",PNSN-07,3
us7000t0cb,3.8,0.2708333333333333,81.046,intermediate,1,155,222,0,"Unalaska, Alaska",SCEDC-01,8
us7000t16u,2.5,0.0,27.523,shallow,0,226,96,0,"False Pass, Alaska",CEA-12,12
us7000t16s,2.8,0.062499999999999965,35,shallow,0,219,121,0,"False Pass, Alaska",PNSN-07,0
us7000t0v0,2.8,0.062499999999999965,21.156,shallow,0,214,121,0,"False Pass, Alaska",PNSN-07,3
uu80145291,3.46,0.2,-2.85,shallow,1,113,184,0,"Little America, Wyoming",USGS-WEST,11
us7000t1yu,4.1,0.33333333333333326,540.999,deep,0,136,259,0,"Houma, Tonga",CEA-12,14
us7000t0ux,2.7,0.041666666666666706,35,shallow,0,218,112,0,"Nikolski, Alaska",unknown,0
pr71524088,2.81,0.06458333333333335,17.96,shallow,0,303,121,0,"Cruz Bay, U.S. Virgin Islands",CEA-12,0
us7000t16r,3.2,0.14583333333333337,35,shallow,0,211,158,0,"False Pass, Alaska",CEA-12,0
us7000t0bm,5.2,0.5625000000000001,11.297,shallow,11,49,422,1,"Nuing, Philippines",SCEDC-01,0
us7000t16n,2.9,0.08333333333333331,35,shallow,0,205,129,0,"Akutan, Alaska",CEA-12,7
us7000t0wd,3.2,0.14583333333333337,10,shallow,0,222,158,0,"False Pass, Alaska",CEA-12,14
us7000t0b5,5.2,0.5625000000000001,33.702,shallow,6,131,418,1,"False Pass, Alaska",PNSN-07,15
us7000t0aw,4.4,0.3958333333333334,35,shallow,0,133,298,0,"Noda, Japan",USGS-WEST,7
nc75395576,2.73,0.04791666666666666,4.96,shallow,3,42,115,0,"Gilroy, CA",USGS-WEST,0
us7000t0am,4,0.3125,10,shallow,0,151,246,0,"Port McNeill, Canada",PNSN-07,13
aka2026nvdkte,2.6,0.020833333333333353,4.6,shallow,0,293,104,0,"Unalaska, Alaska",PNSN-07,12
us7000t1yq,4.3,0.375,35,shallow,0,132,284,0,"Severo-Kuril’sk, Russia",CEA-12,12
aka2026nvcmds,2.5,0.0,16,shallow,0,227,96,0,"Adak, Alaska",PNSN-07,0
us7000t0ag,4.4,0.3958333333333334,47.009,shallow,0,97,298,0,"Tambolaka, Indonesia",PNSN-07,10
us7000t1yn,4.6,0.43749999999999994,10,shallow,0,80,326,0,Southwest Indian Ridge,PNSN-07,0
pr71523978,2.76,0.05416666666666663,12.94,shallow,0,166,117,0,"Guánica, Puerto Rico",PNSN-07,15
us7000t0ug,3.1,0.12500000000000003,9.623,shallow,0,187,148,0,"Attu Station, Alaska",PNSN-07,1
us7000t0a3,5.6,0.6458333333333333,110.662,intermediate,1,50,483,1,"Checca, Peru",CEA-12,0
us7000t09z,5,0.5208333333333334,56.541,shallow,2,124,385,1,"Noda, Japan",PNSN-07,9
pr71523953,3.17,0.13958333333333334,13.64,shallow,1,173,155,0,"Guánica, Puerto Rico",PNSN-07,14
aka2026nuxyrh,3.8,0.2708333333333333,0,shallow,0,64,222,0,"Akhiok, Alaska",SCEDC-01,9
us7000t09u,5.1,0.5416666666666666,11.484,shallow,0,69,400,1,"Miyako, Japan",SCEDC-01,7
us7000t09r,4.9,0.5000000000000001,10,shallow,1,95,370,0,"Mabiton, Philippines",unknown,0
us7000t09m,5.2,0.5625000000000001,10,shallow,7,94,418,1,"Mabiton, Philippines",PNSN-07,0
us7000t1yg,4.4,0.3958333333333334,10,shallow,0,133,298,0,"Sarangani, Philippines",PNSN-07,12
us7000t09h,4.5,0.4166666666666667,10,shallow,0,95,312,0,"Kon Tum, Vietnam",USGS-WEST,3
us7000t09g,4.4,0.3958333333333334,104.718,intermediate,0,71,298,0,"Tobelo, Indonesia",CEA-12,1
aka2026nuvbxp,2.5,0.0,28.4,shallow,0,275,96,0,"Akutan, Alaska",CEA-12,11
us7000t097,4.8,0.47916666666666663,10,shallow,0,88,354,0,Mid-Indian Ridge,USGS-WEST,9
pr71523938,2.59,0.01874999999999997,15.68,shallow,0,147,103,0,"Indios, Puerto Rico",PNSN-07,1
ci41293535,2.76,0.05416666666666663,8.57,shallow,0,32,117,0,"Johannesburg, CA",SCEDC-01,4
us7000t0hz,3.2,0.14583333333333337,35,shallow,0,218,158,0,"Unalaska, Alaska",PNSN-07,12
aka2026nurbgt,2.7,0.041666666666666706,6.5,shallow,0,254,112,0,"False Pass, Alaska",CEA-12,5
us7000t0hu,2.5,0.0,35,shallow,0,207,96,0,"Attu Station, Alaska",SCEDC-01,0
us7000t08m,4,0.3125,210.998,intermediate,0,180,246,0,"Jurm, Afghanistan",SCEDC-01,5
us7000t1yc,4.5,0.4166666666666667,10,shallow,0,86,312,0,"Abepura, Indonesia",unknown,0
pr71523888,2.66,0.03333333333333337,12.39,shallow,0,146,109,0,"Fuig, Puerto Rico",PNSN-07,11
us7000t08d,4.4,0.3958333333333334,106.192,intermediate,0,124,298,0,"Balatero, Philippines",SCEDC-01,0
us7000t085,4.6,0.43749999999999994,66.185,shallow,0,81,326,0,"Sarangani, Philippines",CEA-12,11
us7000t083,4.9,0.5000000000000001,10,shallow,0,111,369,0,the Loyalty Islands,USGS-WEST,11
us7000t07s,5,0.5208333333333334,79.529,intermediate,9,90,388,1,"Puerto Madero, Mexico",SCEDC-01,0
us7000t0hn,2.9,0.08333333333333331,16.881,shallow,0,244,129,0,"Chiniak, Alaska",PNSN-07,0
hv75002021,2.52,0.004166666666666671,7.53,shallow,1,180,98,0,"Fern Forest, Hawaii",SCEDC-01,6
us7000t1ya,4.5,0.4166666666666667,10,shallow,0,63,312,0,Mid-Indian Ridge,PNSN-07,15
us7000t07r,4.6,0.43749999999999994,10,shallow,0,129,326,0,"San Rafael, Philippines",SCEDC-01,12
us7000t099,4.1,0.33333333333333326,10,shallow,0,116,259,0,"Trà My, Vietnam",PNSN-07,3
us7000t1y9,4.3,0.375,45.87,shallow,0,126,284,0,"Palauig, Philippines",USGS-WEST,13
aka2026nugnky,2.5,0.0,11.8,shallow,2,75,97,0,"Sutton-Alpine, Alaska",SCEDC-01,7
us7000t06z,4.3,0.375,10,shallow,0,82,284,0,Greenland Sea,USGS-WEST,15
us7000t1dh,4.4,0.3958333333333334,10,shallow,0,88,298,0,"Itoman, Japan",CEA-12,4
pr71523833,2.69,0.039583333333333325,14.48,shallow,1,208,111,0,"Guánica, Puerto Rico",unknown,0
us7000t1dg,4.1,0.33333333333333326,419.258,deep,0,144,259,0,"Houma, Tonga",PNSN-07,1
us7000t06l,4.2,0.35416666666666674,10,shallow,0,79,271,0,Greenland Sea,PNSN-07,2
us7000t1df,4.1,0.33333333333333326,10,shallow,0,247,259,0,"Yasuj, Iran",SCEDC-01,5
us7000t06f,4.5,0.4166666666666667,10,shallow,0,100,312,0,"Fef, Indonesia",CEA-12,9
us7000t06d,5,0.5208333333333334,10,shallow,0,115,385,1,the Loyalty Islands,CEA-12,5
us7000t06y,4.5,0.4166666666666667,88.024,intermediate,0,84,312,0,"Yaguaraparo, Venezuela",PNSN-07,4
us7000t05y,4.9,0.5000000000000001,10,shallow,0,117,369,0,the Loyalty Islands,PNSN-07,8
us7000t09p,4.1,0.33333333333333326,161.31,intermediate,0,215,259,0,"Rat Islands, Aleutian Islands, Alaska",CEA-12,8
nc75395151,2.72,0.04583333333333338,10,shallow,1,247,114,0,"Petrolia, CA",CEA-12,5
ci41292855,2.58,0.016666666666666684,7.77,shallow,2,32,103,0,"Johannesburg, CA",CEA-12,3
us7000t1dc,4.1,0.33333333333333326,157.542,intermediate,0,140,259,0,"Agano, Japan",USGS-WEST,15
us7000t04s,4,0.3125,412.374,deep,0,55,246,0,"Anamizu, Japan",PNSN-07,0
us7000t04b,4.9,0.5000000000000001,35,shallow,0,69,369,0,South Sandwich Islands region,SCEDC-01,5
us7000t048,5,0.5208333333333334,43.069,shallow,0,88,385,1,"Nuing, Philippines",unknown,0
us7000t044,4.5,0.4166666666666667,10,shallow,0,202,312,0,the Loyalty Islands,PNSN-07,0
us7000t042,4.7,0.45833333333333337,10,shallow,0,71,340,0,the Loyalty Islands,SCEDC-01,0
us7000t1da,4.4,0.3958333333333334,10,shallow,0,161,298,0,the Loyalty Islands,PNSN-07,7
us7000t046,4.5,0.4166666666666667,10,shallow,0,208,312,0,the Loyalty Islands,SCEDC-01,4
ci41292687,4.31762677888687,0.3786722456014313,7.55,shallow,1090,22,667,0,"Johannesburg, CA",PNSN-07,1
us7000t02f,5.1,0.5416666666666666,10,shallow,0,90,400,1,the Loyalty Islands,CEA-12,5
aka2026ntsmpi,2.5,0.0,21.4,shallow,0,226,96,0,"Adak, Alaska",PNSN-07,8
us7000t2de,3.2,0.14583333333333337,10,shallow,0,192,158,0,"Attu Station, Alaska",unknown,0
us7000t1d8,4.4,0.3958333333333334,10,shallow,0,129,298,0,the Loyalty Islands,PNSN-07,3
us7000t01w,4.7,0.45833333333333337,10,shallow,0,110,340,0,the Loyalty Islands,CEA-12,6
aka2026ntqlrt,2.5,0.0,26.3,shallow,0,220,96,0,"Nikolski, Alaska",CEA-12,0
us7000t01s,4.6,0.43749999999999994,10,shallow,0,112,326,0,the Loyalty Islands,USGS-WEST,0
us7000t1d7,4.4,0.3958333333333334,10,shallow,0,126,298,0,the Loyalty Islands,USGS-WEST,2
us7000t01n,6.3,0.7916666666666666,16,shallow,0,39,611,1,the Loyalty Islands,PNSN-07,0
us7000t01l,4.3,0.375,10,shallow,0,140,284,0,"Kazarman, Kyrgyzstan",PNSN-07,0
us7000t1d6,3.6,0.22916666666666669,47.574,shallow,0,196,199,0,"Atka, Alaska",CEA-12,6
pr71523713,2.51,0.002083333333333289,13.73,shallow,0,183,97,0,"Guánica, Puerto Rico",USGS-WEST,13
us7000t1dn,4.3,0.375,83.919,intermediate,0,118,284,0,"Sugal, Philippines",PNSN-07,0
us7000t1d3,4.4,0.3958333333333334,45.301,shallow,0,90,298,0,"Balangonan, Philippines",PNSN-07,0
us7000t01t,4.5,0.4166666666666667,10,shallow,0,84,312,0,"Lorengau, Papua New Guinea",PNSN-07,0
us7000t014,4.8,0.47916666666666663,10,shallow,0,97,354,0,the Fiji Islands,SCEDC-01,0
us7000t2d2,3,0.10416666666666667,11.026,shallow,0,195,138,0,"Atka, Alaska",SCEDC-01,9
us7000t1d2,4.1,0.33333333333333326,10,shallow,2,148,259,0,"Seririt, Indonesia",SCEDC-01,14
us7000t1d1,4.3,0.375,39.184,shallow,0,122,284,0,"Ternate, Indonesia",PNSN-07,0
us7000t1d0,4.2,0.35416666666666674,10,shallow,0,171,271,0,South Sandwich Islands region,USGS-WEST,0
nc75394876,2.59,0.01874999999999997,10,shallow,0,251,103,0,"Petrolia, CA",PNSN-07,11
tx2026nrbozw,3.2,0.14583333333333337,9.3683,shallow,0,69,158,0,"Toyah, Texas",USGS-WEST,9
aka2026ntfzrn,2.5,0.0,15,shallow,0,238,96,0,"Akutan, Alaska",USGS-WEST,13
nn00921593,2.97,0.09791666666666671,6.8656,shallow,3,47,136,0,"Silver Springs, Nevada",PNSN-07,6
pr71523658,2.7,0.041666666666666706,14.89,shallow,0,254,112,0,"Guánica, Puerto Rico",PNSN-07,11
us7000szzy,6.4,0.8125000000000001,10,shallow,0,48,630,1,"Lorengau, Papua New Guinea",USGS-WEST,2
us7000szzx,4.3,0.375,10,shallow,0,120,284,0,"Petropavlovsk-Kamchatsky, Russia",PNSN-07,4
pr71523648,3.08,0.12083333333333335,17.17,shallow,0,228,146,0,"Charlotte Amalie, U.S. Virgin Islands",USGS-WEST,5
us7000szzw,4.9,0.5000000000000001,10,shallow,0,117,369,0,the Loyalty Islands,PNSN-07,1
us7000t2bt,2.6,0.020833333333333353,81.839,intermediate,0,194,104,0,"Adak, Alaska",unknown,0
pr71523623,3.32,0.1708333333333333,19.43,shallow,0,223,170,0,"Culebra, Puerto Rico",SCEDC-01,3
pr71523678,3.42,0.19166666666666665,49.2,shallow,0,227,180,0,"Culebra, Puerto Rico",SCEDC-01,9
pr71523598,3.33,0.1729166666666667,39.09,shallow,0,225,171,0,"Culebra, Puerto Rico",SCEDC-01,0
tx2026nqvtxz,2.6,0.020833333333333353,7.1509,shallow,0,64,104,0,"Mentone, Texas",CEA-12,15
us7000t1cx,4.5,0.4166666666666667,10,shallow,0,132,312,0,the Loyalty Islands,SCEDC-01,7
us7000t1cy,3.4,0.1875,64.525,shallow,0,204,178,0,"Nikolski, Alaska",SCEDC-01,5
pr71523593,3.27,0.16041666666666668,29.63,shallow,0,228,165,0,"Culebra, Puerto Rico",SCEDC-01,10
us7000szzl,5,0.5208333333333334,10,shallow,0,118,385,1,the Loyalty Islands,SCEDC-01,15
us7000t2bs,2.7,0.041666666666666706,35,shallow,0,217,112,0,"Nikolski, Alaska",CEA-12,8
pr71523583,3.3,0.16666666666666663,29.93,shallow,0,229,168,0,"Culebra, Puerto Rico",SCEDC-01,14
nc75394756,2.93,0.08958333333333338,21.44,shallow,7,89,134,0,"Ferndale, CA",PNSN-07,0
us7000t1cw,4.5,0.4166666666666667,10,shallow,0,95,312,0,"Nicobar Islands, India region",SCEDC-01,9
pr71523573,2.94,0.09166666666666666,37.14,shallow,0,234,133,0,"Charlotte Amalie, U.S. Virgin Islands",USGS-WEST,13
us7000t04m,3.4,0.1875,35,shallow,0,205,178,0,"Adak, Alaska",PNSN-07,7
us7000szza,3.3,0.16666666666666663,88.367,intermediate,0,158,168,0,"False Pass, Alaska",unknown,0
us7000t1cs,4.3,0.375,84.976,intermediate,0,131,284,0,"Sarangani, Philippines",PNSN-07,6
us7000szz8,3.7,0.25000000000000006,10,shallow,0,206,211,0,"Adak, Alaska",unknown,0
us7000t1cr,4.2,0.35416666666666674,78.864,intermediate,0,107,271,0,South Sandwich Islands region,PNSN-07,10
us7000t1cp,4.1,0.33333333333333326,78.071,intermediate,0,135,259,0,"Kuril’sk, Russia",PNSN-07,7
us7000szz4,4.3,0.375,219.978,intermediate,0,100,284,0,"Bojonegoro, Indonesia",PNSN-07,2
us7000t06c,2.8,0.062499999999999965,10.166,shallow,0,198,121,0,"Adak, Alaska",CEA-12,4
us7000szz0,2.6,0.020833333333333353,10,shallow,0,57,104,0,"Seeley Lake, Montana",USGS-WEST,11
tx2026nqkqfx,2.8,0.062499999999999965,6.6359,shallow,0,81,121,0,"Pearsall, Texas",PNSN-07,3
hv75001481,2.64,0.029166666666666695,0.98,shallow,0,185,107,0,"Kalaoa, Hawaii",unknown,0
aka2026nsoukt,2.6,0.020833333333333353,33.9,shallow,0,218,104,0,"Perryville, Alaska",SCEDC-01,0
us7000szyu,4.5,0.4166666666666667,192.45,intermediate,0,74,312,0,"San Antonio de los Cobres, Argentina",PNSN-07,0
us7000szyr,5.4,0.6041666666666667,10,shallow,4,44,451,1,"Mabiton, Philippines",SCEDC-01,12
us7000t1cn,4.1,0.33333333333333326,10,shallow,0,149,259,0,"Petropavlovsk-Kamchatsky, Russia",PNSN-07,12
aka2026nsmzkk,2.6,0.020833333333333353,19.1,shallow,0,204,104,0,"Adak, Alaska",PNSN-07,11
us7000t2b9,2.7,0.041666666666666706,34.977,shallow,0,210,112,0,"Adak, Alaska",USGS-WEST,13
aka2026nsmnnb,2.6,0.020833333333333353,91.5,intermediate,1,33,104,0,"Kalifornsky, Alaska",USGS-WEST,6
us7000t1cl,4.4,0.3958333333333334,68.746,shallow,0,163,298,0,Kermadec Islands region,PNSN-07,9
us7000t1cm,4.5,0.4166666666666667,10,shallow,0,87,312,0,South Sandwich Islands region,CEA-12,9
us7000t2b0,2.9,0.08333333333333331,10,shallow,0,271,129,0,"Chiniak, Alaska",CEA-12,8
us7000szyg,4.1,0.33333333333333326,147.971,intermediate,0,61,259,0,"Mandráki, Greece",PNSN-07,14
us7000t2ay,3.3,0.16666666666666663,41.236,shallow,0,229,168,0,"Atka, Alaska",SCEDC-01,5
us7000szyb,4.5,0.4166666666666667,10,shallow,0,76,312,0,"Xunchang, China",CEA-12,5
pr71523543,2.92,0.0875,15.27,shallow,0,184,131,0,"Indios, Puerto Rico",CEA-12,0
us7000t2ax,2.8,0.062499999999999965,160.585,intermediate,0,159,121,0,"Atka, Alaska",PNSN-07,7
us7000szxw,4.1,0.33333333333333326,128.754,intermediate,0,85,259,0,"Ollagüe, Chile",PNSN-07,0
aka2026nsipgy,4.2,0.35416666666666674,79,intermediate,26,75,279,0,"Anchor Point, Alaska",unknown,0
us7000szxx,4.4,0.3958333333333334,121.611,intermediate,0,78,298,0,"Sarangani, Philippines",USGS-WEST,3
us7000szxs,4.6,0.43749999999999994,10,shallow,0,44,326,0,"Xunchang, China",USGS-WEST,12
nc75394556,2.93,0.08958333333333338,15.35,shallow,2,35,132,0,"New Idria, CA",PNSN-07,4
tx2026nqayet,3.6,0.22916666666666669,6.8353,shallow,2,77,200,0,"Dilley, Texas",USGS-WEST,0
us7000t1ay,4.1,0.33333333333333326,76.218,intermediate,0,94,259,0,"Sarangani, Philippines",PNSN-07,8
us7000t2ai,3.1,0.12500000000000003,35,shallow,0,202,148,0,"Akutan, Alaska",PNSN-07,11
us7000t2ae,2.6,0.020833333333333353,88.611,intermediate,0,138,104,0,"Adak, Alaska",PNSN-07,11
us7000t2af,2.5,0.0,35,shallow,0,227,96,0,"Adak, Alaska",CEA-12,6
us7000szx2,4.2,0.35416666666666674,35,shallow,0,133,271,0,"Kuril’sk, Russia",CEA-12,6
ci41292199,2.92,0.0875,11.78,shallow,22,24,137,0,"Frazier Park, CA",PNSN-07,8
us7000szwj,4,0.3125,10,shallow,1,198,246,0,"Bandon, Oregon",CEA-12,9
us7000szwe,4.6,0.43749999999999994,10,shallow,0,121,326,0,"Kangding, China",SCEDC-01,13
us7000t1av,4.4,0.3958333333333334,10,shallow,0,186,298,0,"Tadine, New Caledonia",CEA-12,3
us7000szwc,4.5,0.4166666666666667,29.271,shallow,1,143,312,0,"Hanmer Springs, New Zealand",PNSN-07,5
pr71523498,2.76,0.05416666666666663,14.07,shallow,0,191,117,0,"Guánica, Puerto Rico",PNSN-07,3
us7000t1ar,4.2,0.35416666666666674,33.596,shallow,0,120,271,0,the Fiji Islands,CEA-12,0
aka2026nruxmq,2.5,0.0,15,shallow,0,27,96,0,"Nelchina, Alaska",USGS-WEST,0
us7000szw8,4.6,0.43749999999999994,10,shallow,0,75,326,0,South Sandwich Islands region,USGS-WEST,2
us7000t1aq,4.1,0.33333333333333326,593.407,deep,0,122,259,0,Fiji region,SCEDC-01,1
us7000t1ap,4.4,0.3958333333333334,503.607,deep,0,156,298,0,the Fiji Islands,SCEDC-01,3
us7000szvv,5.4,0.6041666666666667,35,shallow,1,48,449,1,"Gorontalo, Indonesia",SCEDC-01,15
us7000szvq,5.1,0.5416666666666666,46.568,shallow,3,70,401,1,"Tambolaka, Indonesia",CEA-12,1
nc75394436,2.51,0.002083333333333289,5.35,shallow,0,57,97,0,"Pinnacles, CA",PNSN-07,2
nn00921520,2.99,0.10208333333333339,8.5444,shallow,3,146,138,0,"Indian Springs, Nevada",SCEDC-01,12
aka2026nrotnq,2.5,0.0,35.3,shallow,0,244,96,0,"Akutan, Alaska",PNSN-07,9
nc75394426,2.55,0.01041666666666663,11.93,shallow,1,34,100,0,"Cantua Creek, CA",SCEDC-01,0
us7000t1am,4.6,0.43749999999999994,10,shallow,0,119,326,0,"Macabuboni, Philippines",USGS-WEST,0
hv75001316,3.59,0.2270833333333333,32.37,shallow,1,264,198,0,"Pāhala, Hawaii",PNSN-07,6
us7000t1al,4.3,0.375,43.335,shallow,0,106,284,0,"Sarangani, Philippines",USGS-WEST,1
us7000szv2,4.5,0.4166666666666667,95.884,intermediate,15,143,316,0,"Unalaska, Alaska",SCEDC-01,0
us7000szuz,5,0.5208333333333334,10,shallow,0,139,385,1,"‘Ohonua, Tonga",SCEDC-01,0
us7000t1ak,4.3,0.375,50.974,shallow,0,128,284,0,"Bitung, Indonesia",SCEDC-01,10
aka2026nrmhru,2.7,0.041666666666666706,77,intermediate,1,37,112,0,"Petersville, Alaska",PNSN-07,0
ci41291863,4.10922888670317,0.3352560180631605,13.09,shallow,798,25,643,0,"Frazier Park, CA",CEA-12,12
us7000szut,4.2,0.35416666666666674,552.214,deep,0,122,271,0,Fiji region,CEA-12,13
us7000szus,4.6,0.43749999999999994,150.599,intermediate,0,76,326,0,"Gorontalo, Indonesia",PNSN-07,8
us7000t0me,4.7,0.45833333333333337,10,shallow,0,100,340,0,Pacific-Antarctic Ridge,PNSN-07,0
us7000t1aj,4,0.3125,605.709,deep,0,136,246,0,"Levuka, Fiji",PNSN-07,15
us7000szuk,4.3,0.375,10,shallow,0,131,284,0,"Ust’-Kamchatsk Staryy, Russia",PNSN-07,9
us7000szuj,4.1,0.33333333333333326,614.02,deep,0,122,259,0,"Levuka, Fiji",SCEDC-01,0
us7000szuc,4.2,0.35416666666666674,10,shallow,0,130,271,0,"Evensk, Russia",USGS-WEST,8
nc75394371,2.61,0.02291666666666664,6.99,shallow,1,128,105,0,"Deep Springs, CA",SCEDC-01,14
us7000szu6,5.6,0.6458333333333333,10,shallow,0,82,482,1,southern East Pacific Rise,SCEDC-01,0
aka2026nrewsi,3.1,0.12500000000000003,5.4,shallow,0,141,148,0,"Ivanof Bay, Alaska",PNSN-07,12
us7000sztw,4.3,0.375,10,shallow,0,166,284,0,"Tura, India",SCEDC-01,9
us7000t22r,3.1,0.12500000000000003,35,shallow,0,213,148,0,"False Pass, Alaska",PNSN-07,9
aka2026nrcfxi,4.2,0.35416666666666674,106.8,intermediate,53,60,286,0,"Pedro Bay, Alaska",SCEDC-01,11
us7000szzg,4.5,0.4166666666666667,10,shallow,0,156,312,0,West Chile Rise,SCEDC-01,5
us7000szth,4.3,0.375,10,shallow,0,87,284,0,"Miyakojima, Japan",SCEDC-01,4
aka2026nqyfta,2.5,0.0,13.3,shallow,0,235,96,0,"Point Hope, Alaska",SCEDC-01,5
nc75394266,2.85,0.07291666666666669,26.33,shallow,3,99,126,0,"Ferndale, CA",PNSN-07,6
us7000szt5,4.6,0.43749999999999994,134.872,intermediate,0,87,326,0,"Port-Olry, Vanuatu",PNSN-07,12
us7000szt3,4.4,0.3958333333333334,113.357,intermediate,0,152,298,0,"Teshikaga, Japan",USGS-WEST,8
nc75394216,2.59,0.01874999999999997,9.03,shallow,0,267,103,0,"Petrolia, CA",SCEDC-01,15
us7000t1ae,4.4,0.3958333333333334,10,shallow,0,136,298,0,"Tobelo, Indonesia",CEA-12,0
us7000szsv,4.9,0.5000000000000001,39.343,shallow,1,87,370,0,"Tobelo, Indonesia",PNSN-07,7
us7000t1ac,4.2,0.35416666666666674,35,shallow,0,135,271,0,"Vilyuchinsk, Russia",USGS-WEST,8
us7000szsn,4.5,0.4166666666666667,10,shallow,5,73,313,0,"Yārāda, India",CEA-12,4
us7000szsk,4.2,0.35416666666666674,10,shallow,0,163,271,0,"Shwebo, Burma (Myanmar)",unknown,0
uu80145176,2.57,0.0145833333333333,9.39,shallow,0,108,102,0,"Paris, Idaho",SCEDC-01,11
us7000szse,4.7,0.45833333333333337,10,shallow,0,81,340,0,northern Mid-Atlantic Ridge,unknown,0
us7000t12i,4.5,0.4166666666666667,10,shallow,0,131,312,0,"Vilyuchinsk, Russia",USGS-WEST,0
us7000szsd,4,0.3125,10,shallow,0,108,246,0,"Géfyra, Greece",PNSN-07,1
aka2026nqlbis,3.3,0.16666666666666663,143.3,intermediate,0,33,168,0,"Port Alsworth, Alaska",unknown,0
aka2026nqlaoj,2.5,0.0,0.7,shallow,0,71,96,0,"Akhiok, Alaska",CEA-12,9
hv75000976,2.98,0.1,16.47,shallow,6,236,138,0,"Honaunau-Napoopoo, Hawaii",SCEDC-01,13
aka2026nqilsh,2.5,0.0,3.2,shallow,2,48,97,0,"Sutton-Alpine, Alaska",unknown,0
us7000szru,4.3,0.375,124.646,intermediate,0,114,284,0,"Lospalos, Timor Leste",PNSN-07,15
aka2026nqhjao,2.5,0.0,124.2,intermediate,0,49,96,0,"Petersville, Alaska",CEA-12,5
us7000t20s,3.1,0.12500000000000003,10,shallow,0,223,148,0,"Atka, Alaska",CEA-12,3
us7000t20l,2.8,0.062499999999999965,136.329,intermediate,0,121,121,0,"Adak, Alaska",PNSN-07,10
aka2026nqezsh,2.7,0.041666666666666706,138.8,intermediate,0,121,112,0,"Adak, Alaska",USGS-WEST,3
us7000szri,5.2,0.5625000000000001,51.176,shallow,0,36,416,1,"Sarangani, Philippines",USGS-WEST,5
nn00921481,3.03,0.11041666666666664,14.537,shallow,0,154,141,0,"Goldfield, Nevada",USGS-WEST,7
us7000t128,4.4,0.3958333333333334,10,shallow,0,151,298,0,"Sola, Vanuatu",PNSN-07,15
aka2026nqafsx,3.6,0.22916666666666669,107.6,intermediate,0,25,199,0,"Petersville, Alaska",CEA-12,15
us7000t126,4.1,0.33333333333333326,618.56,deep,0,130,259,0,"Levuka, Fiji",SCEDC-01,0
tx2026nnvatr,2.8,0.062499999999999965,9.6375,shallow,0,71,121,0,"Toyah, Texas",SCEDC-01,7
us7000t125,4.3,0.375,541.262,deep,0,98,284,0,the Fiji Islands,CEA-12,10
us7000szr1,4.5,0.4166666666666667,10,shallow,0,90,312,0,"Aksu, China",PNSN-07,8
us7000szr0,5.1,0.5416666666666666,10,shallow,0,124,400,1,"Hihifo, Tonga",USGS-WEST,8
us7000t124,4.1,0.33333333333333326,10,shallow,0,156,259,0,"Onagawa Chō, Japan",USGS-WEST,0
us7000szqz,4.3,0.375,7.422,shallow,0,63,284,0,"Attu Station, Alaska",PNSN-07,3
us7000szqw,4.7,0.45833333333333337,10,shallow,0,103,340,0,North Atlantic Ocean,PNSN-07,5
us7000t20a,2.6,0.020833333333333353,35,shallow,0,197,104,0,"False Pass, Alaska",unknown,0
us7000t121,4.3,0.375,585.226,deep,0,125,284,0,"Levuka, Fiji",PNSN-07,0
aka2026npvifc,2.7,0.041666666666666706,23.9,shallow,0,244,112,0,"Perryville, Alaska",USGS-WEST,13
us7000szqn,4.6,0.43749999999999994,423.264,deep,0,57,326,0,Okhotsk,CEA-12,11
us7000t11z,4.3,0.375,183.676,intermediate,0,119,284,0,"Finschhafen, Papua New Guinea",PNSN-07,7
us7000szqj,4.6,0.43749999999999994,10,shallow,0,129,326,0,"Lakatoro, Vanuatu",PNSN-07,11
us7000t120,4,0.3125,48.976,shallow,0,111,246,0,"Pelabuhanratu, Indonesia",PNSN-07,10
us7000szqf,4.4,0.3958333333333334,539.807,deep,0,204,298,0,Fiji region,SCEDC-01,1
us7000szq9,4.2,0.35416666666666674,10,shallow,0,118,271,0,"Zibihu, China",unknown,0
us7000szq0,5.4,0.6041666666666667,60.754,shallow,5,72,451,1,"Sarangani, Philippines",USGS-WEST,0
us7000t11x,4.2,0.35416666666666674,17.286,shallow,0,137,271,0,"Pondaguitan, Philippines",PNSN-07,14
aka2026nppeeg,3.1,0.12500000000000003,53.7,shallow,0,119,148,0,"Chignik, Alaska",PNSN-07,12
us7000szpb,6.4,0.8125000000000001,26,shallow,0,57,630,1,South Sandwich Islands region,CEA-12,8
us7000t11v,4.1,0.33333333333333326,10,shallow,0,96,259,0,"Sumbawa, Indonesia",USGS-WEST,7
aka2026nplhoo,2.5,0.0,14.9,shallow,0,269,96,0,"Akutan, Alaska",PNSN-07,0
pr71523398,3.3,0.16666666666666663,21.33,shallow,0,190,168,0,"Punta Cana, Dominican Republic",USGS-WEST,3
us7000sznq,5.1,0.5416666666666666,10,shallow,5,86,402,1,"Huarmey, Peru",CEA-12,14
us7000sznp,4.5,0.4166666666666667,50.771,shallow,0,115,312,0,"Banda Aceh, Indonesia",PNSN-07,13
us7000sznc,5.4,0.6041666666666667,121.758,intermediate,0,30,449,1,South Sandwich Islands region,PNSN-07,5
us7000sznb,4.3,0.375,35,shallow,0,177,284,0,"Adak, Alaska",PNSN-07,11
us7000szn7,4.3,0.375,548.062,deep,0,97,284,0,"Houma, Tonga",PNSN-07,6
us7000szn6,4.5,0.4166666666666667,561.028,deep,0,79,312,0,Fiji region,CEA-12,2
us7000szn3,4.9,0.5000000000000001,5,shallow,9,34,375,0,"Polkowice, Poland",SCEDC-01,6
us7000t11t,4.3,0.375,290.052,intermediate,0,105,284,0,"Ambon, Indonesia",PNSN-07,0
aka2026npdspa,2.8,0.062499999999999965,120.7,intermediate,0,47,121,0,"Kokhanok, Alaska",SCEDC-01,13
us7000t1i2,2.8,0.062499999999999965,35,shallow,0,278,121,0,"King Cove, Alaska",CEA-12,0
us7000t11r,4.6,0.43749999999999994,99.086,intermediate,0,115,326,0,"Kermadec Islands, New Zealand",USGS-WEST,11
nc75393656,2.65,0.031249999999999983,3.76,shallow,3,27,109,0,"The Geysers, CA",USGS-WEST,5
us7000szmb,5,0.5208333333333334,394.969,deep,0,122,385,1,Fiji region,SCEDC-01,0
pr2026192000,3.81,0.2729166666666667,29,shallow,0,282,223,0,"Cruz Bay, U.S. Virgin Islands",CEA-12,2
us7000t1hq,2.6,0.020833333333333353,18.2,shallow,0,304,104,0,"Atka, Alaska",USGS-WEST,0
us7000szm8,4.5,0.4166666666666667,10,shallow,0,116,312,0,"Masohi, Indonesia",CEA-12,1
us7000t11q,4.3,0.375,35,shallow,0,110,284,0,"Merizo Village, Guam",SCEDC-01,13
us7000szm5,4.9,0.5000000000000001,10,shallow,0,65,369,0,"Masohi, Indonesia",PNSN-07,5
us7000szm1,4.5,0.4166666666666667,10,shallow,0,90,312,0,"Santa Cruz das Flores, Portugal",SCEDC-01,9
nc75393566,4.42,0.4,10.29,shallow,66,32,331,0,"Covelo, CA",unknown,0
us7000t11m,4.5,0.4166666666666667,10,shallow,0,155,312,0,"Santa Cruz das Flores, Portugal",CEA-12,4
us7000t0m9,4.4,0.3958333333333334,10,shallow,0,147,298,0,"Santa Cruz das Flores, Portugal",PNSN-07,6
us7000szlw,4.7,0.45833333333333337,10,shallow,0,95,340,0,"Batiano, Philippines",PNSN-07,5
us7000t11n,4.5,0.4166666666666667,10,shallow,0,86,312,0,"Santa Cruz da Graciosa, Portugal",USGS-WEST,2
aka2026nosfqw,3,0.10416666666666667,18.9,shallow,0,31,138,0,"Tatitlek, Alaska",unknown,0
us7000szla,4.7,0.45833333333333337,28.599,shallow,0,135,340,0,"Labuan, Indonesia",PNSN-07,15
nc75393526,2.74,0.050000000000000044,10.29,shallow,0,38,116,0,"Covelo, CA",CEA-12,3
nc75393496,3.77,0.26458333333333334,10.08,shallow,14,31,223,0,"Covelo, CA",SCEDC-01,8
aka2026noqalv,2.5,0.0,22.7,shallow,0,255,96,0,"Atka, Alaska",CEA-12,7
us7000t111,4.5,0.4166666666666667,35,shallow,0,120,312,0,"Bitung, Indonesia",USGS-WEST,2
us7000szki,4.3,0.375,226.997,intermediate,0,111,284,0,"Nentón, Guatemala",PNSN-07,15
aka2026nontgz,3.1,0.12500000000000003,9.1,shallow,0,20,148,0,"Nelchina, Alaska",PNSN-07,1
us7000t10z,4,0.3125,70.985,intermediate,0,122,246,0,"Hachinohe, Japan",SCEDC-01,1
us7000t10y,4,0.3125,551.946,deep,0,156,246,0,Fiji region,PNSN-07,3
us7000t10x,4.4,0.3958333333333334,197.004,intermediate,0,102,298,0,Kermadec Islands region,PNSN-07,8
uw714046442,2.61,0.02291666666666664,43.61,shallow,9,105,107,0,"Rose Lodge, Oregon",PNSN-07,5
us7000t10t,4.2,0.35416666666666674,74.16,intermediate,0,158,271,0,"Bamboo Flat, India",PNSN-07,9
aka2026nolurq,2.5,0.0,26,shallow,0,263,96,0,"Adak, Alaska",CEA-12,14
us7000t10w,4.5,0.4166666666666667,78.586,intermediate,0,112,312,0,"Port-Olry, Vanuatu",PNSN-07,7
hv75000251,3.1,0.12500000000000003,17.91,shallow,42,149,160,0,"Honaunau-Napoopoo, Hawaii",USGS-WEST,6
aka2026noklet,2.7,0.041666666666666706,106,intermediate,0,26,112,0,"Petersville, Alaska",PNSN-07,15
us7000t10v,4.5,0.4166666666666667,38.723,shallow,0,125,312,0,"Sarangani, Philippines",CEA-12,2
us7000szim,5,0.5208333333333334,10,shallow,0,62,385,1,Macquarie Island,PNSN-07,0
aka2026noglmn,2.6,0.020833333333333353,104.1,intermediate,0,51,104,0,"Happy Valley, Alaska",PNSN-07,0
us7000szi4,4.1,0.33333333333333326,203.646,intermediate,0,141,259,0,"Tiquillaca, Peru",CEA-12,14
aka2026nofhtk,2.5,0.0,27.5,shallow,0,231,96,0,"Adak, Alaska",SCEDC-01,6
us7000szhy,4.8,0.47916666666666663,10,shallow,0,90,354,0,central Mid-Atlantic Ridge,unknown,0
aka2026nodhiw,2.6,0.020833333333333353,51.1,shallow,0,116,104,0,"Aleneva, Alaska",SCEDC-01,9
us7000t10r,4.4,0.3958333333333334,88.78,intermediate,0,115,298,0,"Caraga, Philippines",SCEDC-01,10
us7000t1ec,3.1,0.12500000000000003,148.17,intermediate,0,144,148,0,"Adak, Alaska",PNSN-07,12
us7000szg8,4.5,0.4166666666666667,10,shallow,0,134,312,0,"Isangel, Vanuatu",PNSN-07,14
us7000t10q,4.3,0.375,118.196,intermediate,0,74,284,0,"Mawlaik, Burma (Myanmar)",CEA-12,3
us7000szfz,4.4,0.3958333333333334,55.096,shallow,0,90,298,0,"Sarangani, Philippines",unknown,0
us7000t10m,4.2,0.35416666666666674,241.18,intermediate,0,105,271,0,"Tobelo, Indonesia",PNSN-07,15
hv75000146,2.71,0.04375,17.24,shallow,1,204,113,0,"Honaunau-Napoopoo, Hawaii",SCEDC-01,8
tx2026nlsfee,2.5,0.0,5.6897,shallow,0,70,96,0,"Whites City, New Mexico",PNSN-07,9
aka2026nnuuqq,2.5,0.0,102.4,intermediate,0,21,96,0,"Cantwell, Alaska",SCEDC-01,6
us7000t1a8,2.6,0.020833333333333353,16.165,shallow,0,213,104,0,"Nikolski, Alaska",USGS-WEST,7
us7000t10k,4.4,0.3958333333333334,10,shallow,0,197,298,0,"Isangel, Vanuatu",CEA-12,9
us7000szfm,4.2,0.35416666666666674,555.568,deep,0,95,271,0,"Houma, Tonga",USGS-WEST,9
us7000t1a2,2.9,0.08333333333333331,10.895,shallow,0,178,129,0,"Attu Station, Alaska",SCEDC-01,13
us7000t10g,4,0.3125,299.147,intermediate,0,119,246,0,Mariana Islands region,CEA-12,0
us7000szjl,2.7,0.041666666666666706,10,shallow,0,193,112,0,"Chiniak, Alaska",CEA-12,0
pr71523263,3.23,0.15208333333333335,7.88,shallow,1,170,161,0,"La Parguera, Puerto Rico",PNSN-07,6
us7000sze8,4.1,0.33333333333333326,113.91,intermediate,0,106,259,0,"Puyehue, Chile",SCEDC-01,14
us7000t10e,4.5,0.4166666666666667,144.477,intermediate,0,101,312,0,"Lamitan, Philippines",CEA-12,12
us7000sze4,4.9,0.5000000000000001,10,shallow,0,123,369,0,"Abepura, Indonesia",SCEDC-01,14
us7000szq4,4.6,0.43749999999999994,10,shallow,0,104,326,0,"Isangel, Vanuatu",PNSN-07,6
us7000t10d,4.2,0.35416666666666674,201.533,intermediate,0,108,271,0,"Kermadec Islands, New Zealand",PNSN-07,14
us7000sze1,4.1,0.33333333333333326,10,shallow,0,162,259,0,"Mīnāb, Iran",SCEDC-01,9
us7000t1a0,3.1,0.12500000000000003,10,shallow,0,196,148,0,"Attu Station, Alaska",unknown,0
us7000t19z,2.6,0.020833333333333353,109.954,intermediate,0,183,104,0,"Rat Islands, Aleutian Islands, Alaska",unknown,0
hv75000071,2.61,0.02291666666666664,32.48,shallow,0,214,105,0,"Pāhala, Hawaii",PNSN-07,13
us7000t10c,4.6,0.43749999999999994,18.689,shallow,0,125,326,0,"Kainantu, Papua New Guinea",CEA-12,4
us7000t10a,4.4,0.3958333333333334,10,shallow,0,85,298,0,"Yumare, Venezuela",PNSN-07,3
hv75000056,4.53,0.4229166666666667,39.34,shallow,108,250,349,0,"Captain Cook, Hawaii",PNSN-07,14
us7000szdd,4.5,0.4166666666666667,10,shallow,0,72,312,0,"Abepura, Indonesia",SCEDC-01,9
us7000t19w,2.5,0.0,13.475,shallow,0,263,96,0,"Atka, Alaska",SCEDC-01,10
us7000t19t,2.5,0.0,84.859,intermediate,0,204,96,0,"Rat Islands, Aleutian Islands, Alaska",CEA-12,0
us7000t19s,2.8,0.062499999999999965,35,shallow,0,250,121,0,"Sand Point, Alaska",unknown,0
us7000t106,4.6,0.43749999999999994,10,shallow,0,147,326,0,central Mid-Atlantic Ridge,PNSN-07,1
aka2026nneook,2.6,0.020833333333333353,9.6,shallow,0,264,104,0,"Atka, Alaska",CEA-12,11
us7000szdv,3.5,0.20833333333333334,19.229,shallow,0,178,188,0,"Nikolski, Alaska",unknown,0
us7000t19q,3,0.10416666666666667,10,shallow,0,206,138,0,"Sand Point, Alaska",PNSN-07,0
us7000szcw,4.7,0.45833333333333337,10,shallow,0,143,340,0,"Tadine, New Caledonia",PNSN-07,7
us7000szcl,4.6,0.43749999999999994,10,shallow,0,119,326,0,"Tadine, New Caledonia",USGS-WEST,7
us7000szch,4.2,0.35416666666666674,10,shallow,0,76,271,0,"Olonkinbyen, Svalbard and Jan Mayen",PNSN-07,9
us7000t19n,3.2,0.14583333333333337,10,shallow,0,201,158,0,"Attu Station, Alaska",CEA-12,5
us7000t19l,2.9,0.08333333333333331,35,shallow,0,240,129,0,"Sand Point, Alaska",PNSN-07,8
pr71523218,3.3,0.16666666666666663,8.81,shallow,5,200,169,0,"La Parguera, Puerto Rico",USGS-WEST,0
us7000szbp,4.6,0.43749999999999994,39.312,shallow,0,102,326,0,"Playas, Ecuador",PNSN-07,3
us7000szbn,4.9,0.5000000000000001,37.685,shallow,0,69,369,0,South Sandwich Islands region,USGS-WEST,5
us7000t1gr,3,0.10416666666666667,10,shallow,0,189,138,0,"Attu Station, Alaska",CEA-12,0
us7000t0zs,4.2,0.35416666666666674,80.756,intermediate,0,98,271,0,"Severo-Kuril’sk, Russia",PNSN-07,5
us7000t0zr,4,0.3125,83.65,intermediate,0,142,246,0,"Petropavlovsk-Kamchatsky, Russia",CEA-12,13
us7000szb1,4.6,0.43749999999999994,86.478,intermediate,0,97,326,0,"Panguna, Papua New Guinea",USGS-WEST,9
us7000t1fw,2.5,0.0,5.064,shallow,0,224,96,0,"King Cove, Alaska",PNSN-07,0
us7000szaw,4.5,0.4166666666666667,22.466,shallow,0,104,312,0,"Ternate, Indonesia",SCEDC-01,9
aka2026nmtoia,2.8,0.062499999999999965,13,shallow,0,36,121,0,"Eureka Roadhouse, Alaska",PNSN-07,3
us7000szcz,4.8,0.47916666666666663,10,shallow,0,117,354,0,"Alo, Wallis and Futuna",PNSN-07,12
pr71523208,2.97,0.09791666666666671,15.62,shallow,0,266,136,0,"Cruz Bay, U.S. Virgin Islands",PNSN-07,2
us7000szan,4.3,0.375,627.513,deep,0,122,284,0,Fiji region,PNSN-07,4
pr71523343,2.51,0.002083333333333289,7.51,shallow,0,238,97,0,"Charlotte Amalie, U.S. Virgin Islands",SCEDC-01,0
us7000t1fl,2.8,0.062499999999999965,10,shallow,0,202,121,0,"Chiniak, Alaska",CEA-12,7
us7000sza0,3.9,0.2916666666666667,10,shallow,0,61,234,0,"Zhabagly, Kazakhstan",unknown,0
us7000t0zj,4.4,0.3958333333333334,35,shallow,0,255,298,0,the Kermadec Islands,PNSN-07,8
pr71523198,3.1,0.12500000000000003,21.8,shallow,0,216,148,0,"San Antonio, Puerto Rico",unknown,0
pr71523308,3.2,0.14583333333333337,110.81,intermediate,0,192,158,0,"Punta Cana, Dominican Republic",USGS-WEST,1
us7000sz8z,4.6,0.43749999999999994,10,shallow,0,141,326,0,"Balangonan, Philippines",PNSN-07,0
aka2026nmlras,2.6,0.020833333333333353,22.9,shallow,2,24,104,0,"Willow, Alaska",CEA-12,14
us7000t1fd,3.2,0.14583333333333337,26.947,shallow,0,210,158,0,"Adak, Alaska",PNSN-07,4
aka2026nmlaee,2.7,0.041666666666666706,6.9,shallow,0,224,112,0,"Atka, Alaska",SCEDC-01,13
aka2026nmkzwn,2.8,0.062499999999999965,13.5,shallow,0,246,121,0,Alaska,USGS-WEST,5
aka2026nmkgyn,2.7,0.041666666666666706,82.5,intermediate,0,194,112,0,"Chignik, Alaska",SCEDC-01,15
us7000sz8l,4.9,0.5000000000000001,118.604,intermediate,1,35,370,0,"Dulag, Philippines",SCEDC-01,9
us7000t0zh,4.6,0.43749999999999994,84.108,intermediate,0,106,326,0,"Sarangani, Philippines",PNSN-07,0
us7000t1ee,3.2,0.14583333333333337,10,shallow,0,186,158,0,"Attu Station, Alaska",PNSN-07,15
us7000sz8f,4.7,0.45833333333333337,97.874,intermediate,0,106,340,0,"Hirara, Japan",PNSN-07,4
pr71523313,3.06,0.11666666666666668,24.35,shallow,0,313,144,0,"San Antonio, Puerto Rico",PNSN-07,7
us7000sz8b,4.6,0.43749999999999994,10,shallow,0,67,326,0,"Isangel, Vanuatu",USGS-WEST,0
aka2026nmguxw,2.5,0.0,3.3,shallow,0,275,96,0,"Sand Point, Alaska",PNSN-07,8
pr71523173,2.78,0.05833333333333329,11,shallow,0,224,119,0,"Vieques, Puerto Rico",CEA-12,0
us7000t1eb,2.7,0.041666666666666706,10,shallow,0,204,112,0,"Attu Station, Alaska",PNSN-07,3
us7000t1e9,2.8,0.062499999999999965,10,shallow,0,188,121,0,"Attu Station, Alaska",PNSN-07,2
us7000t0zd,4,0.3125,432.134,deep,0,131,246,0,Kermadec Islands region,SCEDC-01,9
us7000t0ze,4,0.3125,10,shallow,0,160,246,0,"Attu Station, Alaska",PNSN-07,11
us7000t0zc,4.4,0.3958333333333334,10,shallow,0,143,298,0,"Macabuboni, Philippines",PNSN-07,13
nc75392631,3.48,0.20416666666666666,10.01,shallow,194,45,252,0,"Pinnacles, CA",SCEDC-01,0
us7000sz81,4.6,0.43749999999999994,10,shallow,0,186,326,0,"Isangel, Vanuatu",PNSN-07,0
ci41289895,2.51,0.002083333333333289,2.76,shallow,0,44,97,0,"Calipatria, CA",USGS-WEST,6
us7000t1e6,2.8,0.062499999999999965,10,shallow,0,200,121,0,"Attu Station, Alaska",USGS-WEST,0
us7000sz7n,5,0.5208333333333334,10,shallow,5,94,386,1,"Shirahama, Japan",PNSN-07,0
us7000sz7m,4.8,0.47916666666666663,174.958,intermediate,0,88,354,0,"Port-Olry, Vanuatu",PNSN-07,6
us7000sz66,4.6,0.43749999999999994,107.714,intermediate,0,124,326,0,"Kuril’sk, Russia",CEA-12,0
us7000t0z8,4.4,0.3958333333333334,180.834,intermediate,0,159,298,0,"Port-Olry, Vanuatu",PNSN-07,15
us7000t1dy,2.5,0.0,89.451,intermediate,0,180,96,0,"Attu Station, Alaska",CEA-12,2
aka2026nlxdkp,2.5,0.0,147.1,intermediate,0,173,96,0,"Nikolski, Alaska",PNSN-07,10
aka2026nlwmgd,2.5,0.0,93.5,intermediate,1,38,96,0,"Ninilchik, Alaska",USGS-WEST,9
uu80145026,3.19,0.14375,-2.74,shallow,0,112,157,0,"Little America, Wyoming",CEA-12,7
us7000szbs,2.6,0.020833333333333353,4.831,shallow,0,112,104,0,"Akutan, Alaska",USGS-WEST,4
us7000t1c5,2.5,0.0,35,shallow,0,224,96,0,"Akutan, Alaska",SCEDC-01,12
us7000t0z5,4.3,0.375,10,shallow,0,96,284,0,"Abepura, Indonesia",PNSN-07,12
us7000t0z4,4.3,0.375,22.417,shallow,0,187,284,0,"Port-Vila, Vanuatu",USGS-WEST,0
us7000t188,3.6,0.22916666666666669,10,shallow,0,259,199,0,"Attu Station, Alaska",PNSN-07,0
nn00921373,3.39,0.1854166666666667,9.133,shallow,5,66,178,0,"Beatty, Nevada",unknown,0
nn00921381,2.93,0.08958333333333338,9.61,shallow,0,71,132,0,"Beatty, Nevada",USGS-WEST,4
us7000t183,2.7,0.041666666666666706,35,shallow,0,212,112,0,"Unalaska, Alaska",PNSN-07,0
pr71523148,3.15,0.13541666666666666,85.93,intermediate,0,206,153,0,"Punta Cana, Dominican Republic",SCEDC-01,2
uw714045412,2.62,0.025000000000000022,8.65,shallow,4,67,106,0,"Nile, Washington",USGS-WEST,15
aka2026nlnnln,2.6,0.020833333333333353,0.7,shallow,0,191,104,0,"Attu Station, Alaska",PNSN-07,4
us7000t17x,2.8,0.062499999999999965,35,shallow,0,214,121,0,"Adak, Alaska",SCEDC-01,3
us7000t17d,2.8,0.062499999999999965,7.743,shallow,0,199,121,0,"Attu Station, Alaska",SCEDC-01,11
us7000t17a,2.7,0.041666666666666706,25.381,shallow,0,196,112,0,"Atka, Alaska",unknown,0
us7000t0yv,4.3,0.375,25.922,shallow,1,136,285,0,"Jayapura, Indonesia",CEA-12,5
us7000t0yt,4,0.3125,117.435,intermediate,0,145,246,0,"Monywa, Burma (Myanmar)",PNSN-07,0
us7000t177,3,0.10416666666666667,16.602,shallow,0,242,138,0,"Chiniak, Alaska",USGS-WEST,5
us7000t176,2.8,0.062499999999999965,10,shallow,0,192,121,0,"Attu Station, Alaska",PNSN-07,1
aka2026nlgpzl,2.5,0.0,88.8,intermediate,1,28,96,0,"Beluga, Alaska",PNSN-07,7
us7000t174,3.1,0.12500000000000003,10,shallow,0,191,148,0,"Attu Station, Alaska",SCEDC-01,4
pr71523128,3.4,0.1875,39.15,shallow,0,262,178,0,"Pole Ojea, Puerto Rico",USGS-WEST,15
us7000t16y,2.7,0.041666666666666706,10,shallow,0,177,112,0,"Attu Station, Alaska",SCEDC-01,10
us7000sz4q,4.6,0.43749999999999994,35,shallow,0,98,326,0,"Bitung, Indonesia",PNSN-07,2
us7000sz4p,4.5,0.4166666666666667,155.774,intermediate,0,41,312,0,"Murghob, Tajikistan",CEA-12,7
us7000sz4r,4.7,0.45833333333333337,10,shallow,0,79,340,0,"Majene, Indonesia",SCEDC-01,7
us7000t168,2.6,0.020833333333333353,10,shallow,0,194,104,0,"Attu Station, Alaska",unknown,0
pr71523113,2.94,0.09166666666666666,12.78,shallow,0,218,133,0,"Guánica, Puerto Rico",PNSN-07,8
us7000t165,2.5,0.0,35,shallow,0,225,96,0,"Adak, Alaska",PNSN-07,2
aka2026nlcqsd,2.5,0.0,27.5,shallow,1,26,96,0,"Willow, Alaska",CEA-12,8
us7000t0qk,4.5,0.4166666666666667,10,shallow,0,86,312,0,"Yumare, Venezuela",CEA-12,0
us7000sz3z,5,0.5208333333333334,10,shallow,1,34,385,1,"Xunchang, China",CEA-12,2
us7000t0qi,4.7,0.45833333333333337,84.177,intermediate,0,115,340,0,"Houma, Tonga",PNSN-07,13
us7000t15n,2.5,0.0,18.263,shallow,0,197,96,0,"Attu Station, Alaska",CEA-12,4
us7000sz3s,4.4,0.3958333333333334,10,shallow,0,97,298,0,"Lucapa, Angola",PNSN-07,5
us7000t0qg,4.1,0.33333333333333326,10,shallow,2,150,259,0,"Umarkhed, India",CEA-12,14
aka2026nkxpzp,2.5,0.0,5,shallow,0,192,96,0,"Attu Station, Alaska",SCEDC-01,0
us7000t15i,2.6,0.020833333333333353,10,shallow,0,189,104,0,"Attu Station, Alaska",USGS-WEST,3
us7000t0qf,4.3,0.375,96.222,intermediate,0,153,284,0,"Finschhafen, Papua New Guinea",PNSN-07,0
aka2026nkxcpq,2.9,0.08333333333333331,5.2,shallow,0,185,129,0,"Attu Station, Alaska",unknown,0
us6000thuu,4.1,0.33333333333333326,35,shallow,0,194,259,0,"Puerto El Triunfo, El Salvador",SCEDC-01,3
aka2026nkwxzg,2.5,0.0,105.7,intermediate,0,51,96,0,"Anchor Point, Alaska",CEA-12,4
us7000sz39,3.9,0.2916666666666667,25.072,shallow,0,82,234,0,"Kaş, Turkey",PNSN-07,2
us7000sz31,4.9,0.5000000000000001,10,shallow,1,108,370,0,"Sulangan, Philippines",USGS-WEST,8
pr71523053,2.53,0.00624999999999996,15.05,shallow,0,156,98,0,"Indios, Puerto Rico",CEA-12,14
pr2026189001,3.9,0.2916666666666667,15,shallow,9,160,237,0,"Indios, Puerto Rico",SCEDC-01,4
us7000sz2t,4.2,0.35416666666666674,10,shallow,14,55,277,0,"Parbhani, India",PNSN-07,14
aka2026nktqmu,2.7,0.041666666666666706,18.5,shallow,0,161,112,0,"Ouzinkie, Alaska",PNSN-07,12
us7000sz2h,2.9,0.08333333333333331,5,shallow,611,44,349,0,"Kenilworth, Illinois",PNSN-07,14
aka2026nkthpl,2.8,0.062499999999999965,59.5,shallow,0,18,121,0,"Cantwell, Alaska",USGS-WEST,6
aka2026nksuss,3,0.10416666666666667,0.4,shallow,0,245,138,0,"Perryville, Alaska",SCEDC-01,4
us7000sz2b,5.6,0.6458333333333333,10,shallow,0,34,482,1,Balleny Islands region,PNSN-07,15
us7000t14f,2.7,0.041666666666666706,10,shallow,0,191,112,0,"Attu Station, Alaska",PNSN-07,1
us7000t14e,3,0.10416666666666667,35,shallow,0,200,138,0,"Attu Station, Alaska",USGS-WEST,8
aka2026nkqepx,2.7,0.041666666666666706,5,shallow,0,193,112,0,"Attu Station, Alaska",unknown,0
us7000t0qd,4,0.3125,170.238,intermediate,0,194,246,0,Kermadec Islands region,SCEDC-01,10
us7000t0q9,4.1,0.33333333333333326,346.916,deep,0,229,259,0,"Houma, Tonga",SCEDC-01,3
us7000t140,2.7,0.041666666666666706,35,shallow,0,212,112,0,"Adak, Alaska",SCEDC-01,12
us7000t0q6,4.4,0.3958333333333334,10,shallow,0,275,298,0,"Isangel, Vanuatu",CEA-12,11
aka2026nkljfh,2.8,0.062499999999999965,3.7,shallow,0,302,121,0,"Rat Islands, Aleutian Islands, Alaska",SCEDC-01,9
us6000tazy,4.5,0.4166666666666667,10,shallow,0,69,312,0,"Ābdānān, Iran",SCEDC-01,10
us7000t0q5,4.2,0.35416666666666674,10,shallow,0,273,271,0,"Isangel, Vanuatu",SCEDC-01,14
us7000t0q4,4.3,0.375,69.803,shallow,0,134,284,0,"Noda, Japan",CEA-12,13
us6000tayg,4.3,0.375,10,shallow,0,130,284,0,"Miyakojima, Japan",USGS-WEST,1
us7000t0q3,4.3,0.375,10,shallow,0,143,284,0,"Balangonan, Philippines",unknown,0
us7000t13u,2.7,0.041666666666666706,24.961,shallow,0,178,112,0,"Attu Station, Alaska",PNSN-07,10
us6000tay7,5.3,0.5833333333333334,10,shallow,0,54,432,1,Chagos Archipelago region,unknown,0
us7000t0q0,4.5,0.4166666666666667,10,shallow,0,164,312,0,"Kimbe, Papua New Guinea",USGS-WEST,1
us6000taww,5.3,0.5833333333333334,10,shallow,0,69,432,1,"‘Ohonua, Tonga",PNSN-07,5
us7000t0pz,5,0.5208333333333334,35,shallow,0,102,385,1,"Isangel, Vanuatu",PNSN-07,10
us7000t13k,2.5,0.0,27.012,shallow,0,259,96,0,"Adak, Alaska",USGS-WEST,2
us6000tawt,5.4,0.6041666666666667,10,shallow,0,73,449,1,"Isangel, Vanuatu",USGS-WEST,13
us6000tawr,5,0.5208333333333334,25.978,shallow,0,93,385,1,"Kimbe, Papua New Guinea",SCEDC-01,15
us7000t0py,4.7,0.45833333333333337,10,shallow,0,151,340,0,"Isangel, Vanuatu",unknown,0
us7000t0px,4.5,0.4166666666666667,71.351,intermediate,0,96,312,0,"Manay, Philippines",USGS-WEST,1
us7000t0pv,4.6,0.43749999999999994,120.84,intermediate,0,124,326,0,the Loyalty Islands,CEA-12,11
us7000t131,2.8,0.062499999999999965,10,shallow,0,282,121,0,"Atka, Alaska",unknown,0
us7000t0pw,4.6,0.43749999999999994,10,shallow,0,130,326,0,"Port-Vila, Vanuatu",PNSN-07,5
us7000t0pu,4.3,0.375,10,shallow,0,148,284,0,"Isangel, Vanuatu",USGS-WEST,10
pr71522998,3.14,0.13333333333333336,7.42,shallow,0,178,152,0,"San Antonio, Puerto Rico",USGS-WEST,7
us7000t0ps,4.5,0.4166666666666667,10,shallow,0,207,312,0,"Isangel, Vanuatu",CEA-12,4
us6000tawe,5.8,0.6875,10,shallow,0,73,518,1,"Isangel, Vanuatu",USGS-WEST,11
us7000t12x,2.6,0.020833333333333353,60.641,shallow,0,203,104,0,"False Pass, Alaska",PNSN-07,5
aka2026njxzci,2.6,0.020833333333333353,28.1,shallow,0,216,104,0,"Adak, Alaska",SCEDC-01,7
aka2026njxngx,2.9,0.08333333333333331,126.5,intermediate,0,30,129,0,"Denali National Park, Alaska",PNSN-07,8
us6000tavx,4.7,0.45833333333333337,121.297,intermediate,0,73,340,0,"Tobelo, Indonesia",SCEDC-01,14
us7000t0pn,4.1,0.33333333333333326,141.513,intermediate,0,115,259,0,"Saipan, Northern Mariana Islands",SCEDC-01,3
us6000tavs,4.6,0.43749999999999994,73.567,intermediate,0,134,326,0,"Kuji, Japan",USGS-WEST,9
hv74998936,3.31,0.16875,28.84,shallow,10,186,171,0,"Pāhala, Hawaii",SCEDC-01,4
us6000tavr,4.6,0.43749999999999994,10,shallow,0,250,326,0,the Kermadec Islands,USGS-WEST,1
us7000t0pl,4.2,0.35416666666666674,109.531,intermediate,0,104,271,0,"Pagan region, Northern Mariana Islands",USGS-WEST,2
us6000tavd,4.3,0.375,215.968,intermediate,0,68,284,0,"Khorugh, Tajikistan",PNSN-07,4
us7000t11k,2.5,0.0,132.871,intermediate,0,188,96,0,"Atka, Alaska",PNSN-07,11
us7000t0pk,4.1,0.33333333333333326,56.438,shallow,0,118,259,0,"Tobelo, Indonesia",PNSN-07,13
us6000tauz,4.7,0.45833333333333337,10,shallow,2,85,341,0,"Santa Rosa, Peru",PNSN-07,10
us7000t0pi,4.3,0.375,35,shallow,0,140,284,0,"Balangonan, Philippines",PNSN-07,15
us6000tauv,4.9,0.5000000000000001,10,shallow,0,39,369,0,"Olonkinbyen, Svalbard and Jan Mayen",PNSN-07,11
aka2026njosad,2.5,0.0,19.9,shallow,0,140,96,0,"McCarthy, Alaska",PNSN-07,10
us7000t11c,2.9,0.08333333333333331,35,shallow,0,209,129,0,"Attu Station, Alaska",CEA-12,14
us7000t0pe,4,0.3125,543.446,deep,0,134,246,0,"Maubara, Timor Leste",SCEDC-01,8
us7000t11b,3,0.10416666666666667,2.98,shallow,0,194,138,0,"Attu Station, Alaska",CEA-12,5
us6000taui,5,0.5208333333333334,10,shallow,1,29,385,1,"Xunchang, China",CEA-12,0
us7000t118,2.8,0.062499999999999965,5.821,shallow,0,189,121,0,"Attu Station, Alaska",SCEDC-01,4
us7000t116,2.5,0.0,10,shallow,0,289,96,0,"Rat Islands, Aleutian Islands, Alaska",CEA-12,0
us6000tauc,4.2,0.35416666666666674,67.619,shallow,0,144,271,0,"Jiquilillo, Nicaragua",SCEDC-01,3
us6000taud,4.2,0.35416666666666674,10,shallow,0,177,271,0,"Loralai, Pakistan",CEA-12,6
pr2026189000,3.67,0.24375,5,shallow,0,255,207,0,"Cruz Bay, U.S. Virgin Islands",CEA-12,9
us7000t101,3.4,0.1875,10,shallow,0,260,178,0,"Attu Station, Alaska",PNSN-07,6
pr71522958,2.59,0.01874999999999997,11.27,shallow,0,162,103,0,"Esperanza, Puerto Rico",SCEDC-01,6
aka2026njftrr,2.5,0.0,27.4,shallow,0,215,96,0,"Adak, Alaska",USGS-WEST,7
us6000tau8,4.6,0.43749999999999994,43.598,shallow,0,92,326,0,"Bitung, Indonesia",CEA-12,0
us7000t0e8,4.2,0.35416666666666674,81.216,intermediate,0,95,271,0,"Tual, Indonesia",PNSN-07,1
us7000t0vz,2.9,0.08333333333333331,10,shallow,0,225,129,0,"King Cove, Alaska",SCEDC-01,6
us6000tatn,4.9,0.5000000000000001,10,shallow,0,45,369,0,"Karakenja, Tajikistan",PNSN-07,12
us6000tati,4.6,0.43749999999999994,10,shallow,0,89,326,0,"Xunchang, China",SCEDC-01,10
us7000t0e7,4.4,0.3958333333333334,10,shallow,0,122,298,0,"Xunchang, China",SCEDC-01,3
us6000tatk,4.4,0.3958333333333334,17.048,shallow,6,63,300,0,"Palaióchora, Greece",PNSN-07,10
us6000tatd,5,0.5208333333333334,10,shallow,4,29,386,1,"Xunchang, China",CEA-12,0
aka2026njbryd,2.6,0.020833333333333353,5,shallow,0,109,104,0,"Akhiok, Alaska",SCEDC-01,3
us7000t0e6,4.5,0.4166666666666667,10,shallow,0,135,312,0,"Poso, Indonesia",SCEDC-01,3
nc75391606,2.53,0.00624999999999996,6.12,shallow,8,26,102,0,"Angwin, CA",PNSN-07,1
nc75391596,3.62,0.23333333333333336,8.72,shallow,207,19,286,0,"Angwin, CA",CEA-12,4
us7000t0vv,3.1,0.12500000000000003,59.462,shallow,0,218,148,0,"Rat Islands, Aleutian Islands, Alaska",unknown,0
us6000tase,4.5,0.4166666666666667,157.356,intermediate,0,96,312,0,"Calatagan, Philippines",CEA-12,8
pr71522953,2.93,0.08958333333333338,16.56,shallow,0,344,132,0,"Cruz Bay, U.S. Virgin Islands",CEA-12,0
us6000tasa,4.9,0.5000000000000001,121.882,intermediate,4,51,371,0,"Hicks Bay, New Zealand",PNSN-07,13
us6000tasz,4.5,0.4166666666666667,10,shallow,0,85,312,0,"Xunchang, China",PNSN-07,8
us7000t0e5,4,0.3125,10,shallow,0,107,246,0,"Massy, Kyrgyzstan",PNSN-07,9
us6000tary,5.3,0.5833333333333334,32.655,shallow,2,26,433,1,"Labuan, Indonesia",SCEDC-01,12
us7000t0vt,2.7,0.041666666666666706,26.985,shallow,0,239,112,0,"Nikolski, Alaska",PNSN-07,12
us6000tarw,4.4,0.3958333333333334,10,shallow,0,96,298,0,"Severo-Kuril’sk, Russia",SCEDC-01,0
us7000t0vj,2.7,0.041666666666666706,58.848,shallow,0,207,112,0,"King Cove, Alaska",SCEDC-01,2
us7000t0e1,4,0.3125,158.472,intermediate,0,106,246,0,"Atlasovo, Russia",PNSN-07,3
us7000t0vh,2.8,0.062499999999999965,174.803,intermediate,0,203,121,0,"Cold Bay, Alaska",PNSN-07,2
aka2026niushu,2.5,0.0,24,shallow,0,231,96,0,"Adak, Alaska",SCEDC-01,3
us6000tarc,5.2,0.5625000000000001,35,shallow,31,63,429,1,"Jacó, Costa Rica",SCEDC-01,2
us6000tara,4.5,0.4166666666666667,174.041,intermediate,0,51,312,0,"Adak, Alaska",PNSN-07,8
us7000t0e0,4.3,0.375,238.033,intermediate,0,110,284,0,"Hihifo, Tonga",USGS-WEST,4
aka2026nitxbv,2.5,0.0,1.2,shallow,0,265,96,0,"Sand Point, Alaska",unknown,0
us6000tar3,4.9,0.5000000000000001,10,shallow,0,120,369,0,"Ushuaia, Argentina",CEA-12,12
pr2026188002,4.41,0.3979166666666667,45,shallow,0,294,299,0,"Cruz Bay, U.S. Virgin Islands",PNSN-07,1
aka2026nirhyb,2.6,0.020833333333333353,22.2,shallow,0,228,104,0,"Adak, Alaska",unknown,0
pr71522918,2.76,0.05416666666666663,54.21,shallow,0,317,117,0,"Dorado, Puerto Rico",SCEDC-01,0
us7000t0dw,4.1,0.33333333333333326,163.16,intermediate,0,104,259,0,"Ternate, Indonesia",SCEDC-01,6
us6000tapb,4.1,0.33333333333333326,75.532,intermediate,1,79,259,0,"Singkil, Indonesia",CEA-12,7
tx2026ngluyk,2.5,0.0,6.0999,shallow,0,72,96,0,"Whites City, New Mexico",USGS-WEST,7
aka2026ninedg,2.7,0.041666666666666706,26.5,shallow,0,152,112,0,"Ugashik, Alaska",USGS-WEST,1
us6000tant,4.4,0.3958333333333334,57.814,shallow,0,78,298,0,"Tobelo, Indonesia",PNSN-07,9
us7000t0ds,4.1,0.33333333333333326,10,shallow,0,57,259,0,"Ambon, Indonesia",PNSN-07,0
aka2026nilhgr,2.7,0.041666666666666706,18.4,shallow,0,269,112,0,"Rat Islands, Aleutian Islands, Alaska",PNSN-07,7
us7000t0dr,4.5,0.4166666666666667,35,shallow,0,138,312,0,"Balangonan, Philippines",USGS-WEST,0
pr2026188001,3.15,0.13541666666666666,89,intermediate,0,182,153,0,"Monserrate, Puerto Rico",SCEDC-01,0
us7000t0dp,4.5,0.4166666666666667,105.123,intermediate,0,118,312,0,"Panguna, Papua New Guinea",PNSN-07,0
us6000tam3,4.3,0.375,63.071,shallow,0,139,284,0,"Bangui, Philippines",CEA-12,9
us7000t0dk,4.2,0.35416666666666674,505.88,deep,0,148,271,0,the Fiji Islands,USGS-WEST,2
us7000t0di,4.5,0.4166666666666667,10,shallow,0,134,312,0,the Kuril Islands,CEA-12,10
aka2026nidxtk,2.5,0.0,5,shallow,1,24,96,0,"Chickaloon, Alaska",USGS-WEST,15
us7000t0sf,2.9,0.08333333333333331,10,shallow,0,285,129,0,"Atka, Alaska",unknown,0
us6000talr,4.5,0.4166666666666667,117.121,intermediate,1,83,312,0,"Yaguaraparo, Venezuela",SCEDC-01,8
us6000talm,5,0.5208333333333334,10,shallow,0,44,385,1,Reykjanes Ridge,PNSN-07,2
us7000t0rf,3.1,0.12500000000000003,10,shallow,0,189,148,0,"Attu Station, Alaska",CEA-12,14
pr2026188000,3.78,0.26666666666666666,87,intermediate,0,300,220,0,"Cruz Bay, U.S. Virgin Islands",USGS-WEST,5
us7000t0rd,3.2,0.14583333333333337,54.564,shallow,0,239,158,0,"Rat Islands, Aleutian Islands, Alaska",USGS-WEST,9
aka2026niabsn,3.3,0.16666666666666663,10,shallow,0,300,168,0,"Rat Islands, Aleutian Islands, Alaska",PNSN-07,4
us7000t0ra,2.5,0.0,10,shallow,0,244,96,0,"Nikolski, Alaska",SCEDC-01,4
us6000talg,5.4,0.6041666666666667,54.67,shallow,0,22,449,1,"Tobelo, Indonesia",SCEDC-01,9
aka2026nhyhtn,2.5,0.0,67.4,shallow,1,32,96,0,"Trapper Creek, Alaska",PNSN-07,0
us7000t0dh,4.3,0.375,270.6,intermediate,0,74,284,0,"Manado, Indonesia",USGS-WEST,9
us6000tal5,4.3,0.375,513.935,deep,0,54,284,0,"Houma, Tonga",SCEDC-01,9
us7000t0dd,4.5,0.4166666666666667,70.251,intermediate,0,101,312,0,"Sarangani, Philippines",unknown,0
us7000t0de,4.3,0.375,10,shallow,0,130,284,0,"Dunhuang, China",CEA-12,1
us6000tal2,5.3,0.5833333333333334,10,shallow,0,38,432,1,Reykjanes Ridge,PNSN-07,0
us7000t0r5,3.1,0.12500000000000003,35,shallow,0,197,148,0,"Adak, Alaska",CEA-12,0
us6000tal3,4.4,0.3958333333333334,10,shallow,0,146,298,0,"Āwash, Ethiopia",PNSN-07,0
us7000t0e9,4.8,0.47916666666666663,10,shallow,0,61,354,0,Reykjanes Ridge,USGS-WEST,3
us6000takw,5,0.5208333333333334,10,shallow,0,54,385,1,Reykjanes Ridge,unknown,0
us6000takx,4.4,0.3958333333333334,10,shallow,0,119,298,0,Reykjanes Ridge,SCEDC-01,3
us7000t0db,4.4,0.3958333333333334,10,shallow,0,139,298,0,Reykjanes Ridge,SCEDC-01,0
us7000t0da,4,0.3125,538.151,deep,0,122,246,0,"Levuka, Fiji",USGS-WEST,13
us7000t0nw,2.5,0.0,29.677,shallow,0,243,96,0,"False Pass, Alaska",PNSN-07,1
aka2026nhpisa,2.6,0.020833333333333353,71,intermediate,0,20,104,0,"Chase, Alaska",PNSN-07,14
us7000t0ns,2.5,0.0,35,shallow,0,233,96,0,"King Cove, Alaska",USGS-WEST,3
us6000takd,5.7,0.6666666666666667,10,shallow,0,71,500,1,"Ushuaia, Argentina",PNSN-07,6
us7000t0d7,4.2,0.35416666666666674,10,shallow,0,121,271,0,"Sorong, Indonesia",PNSN-07,0
us7000t0nr,2.7,0.041666666666666706,35,shallow,0,211,112,0,"Adak, Alaska",PNSN-07,8
us7000t0np,2.7,0.041666666666666706,82.968,intermediate,0,180,112,0,"False Pass, Alaska",USGS-WEST,6
us6000tajp,4.5,0.4166666666666667,120.562,intermediate,0,64,312,0,"Lospalos, Timor Leste",CEA-12,11
us6000tak5,3.6,0.22916666666666669,35,shallow,0,330,199,0,"Attu Station, Alaska",USGS-WEST,4
us7000t03r,4.7,0.45833333333333337,51.674,shallow,0,165,340,0,the Kermadec Islands,PNSN-07,0
us7000t0se,3,0.10416666666666667,9.351,shallow,0,188,138,0,"Attu Station, Alaska",unknown,0
us7000t03q,4.3,0.375,70.389,intermediate,0,109,284,0,"Sarangani, Philippines",PNSN-07,6
us7000t03m,4.5,0.4166666666666667,10,shallow,0,164,312,0,"Isangel, Vanuatu",PNSN-07,10
us6000taj8,4.6,0.43749999999999994,10,shallow,0,187,326,0,"Isangel, Vanuatu",PNSN-07,11
us6000taj0,4.9,0.5000000000000001,10,shallow,0,35,369,0,"Port Mathurin, Mauritius",PNSN-07,14
us7000t03k,4.6,0.43749999999999994,10,shallow,0,174,326,0,the Kermadec Islands,SCEDC-01,5
us6000tavv,4.8,0.47916666666666663,10,shallow,0,61,354,0,"Port Mathurin, Mauritius",SCEDC-01,6
us6000taib,4.3,0.375,49.885,shallow,0,110,284,0,"Balangonan, Philippines",unknown,0
us7000t0rs,3.2,0.14583333333333337,10,shallow,0,194,158,0,"Attu Station, Alaska",PNSN-07,14
us6000tai6,4.6,0.43749999999999994,54.901,shallow,0,135,326,0,"Noda, Japan",SCEDC-01,8
us7000t03c,4.9,0.5000000000000001,10,shallow,0,66,369,0,"Port Mathurin, Mauritius",PNSN-07,5
us7000t03d,4.5,0.4166666666666667,10,shallow,0,70,312,0,"Port Mathurin, Mauritius",USGS-WEST,8
us6000tai4,4.9,0.5000000000000001,10,shallow,0,47,369,0,Southwest Indian Ridge,CEA-12,1
aka2026ngvleg,2.7,0.041666666666666706,5,shallow,0,297,112,0,"Chiniak, Alaska",PNSN-07,0
us6000taht,4.9,0.5000000000000001,26.323,shallow,1,149,370,0,"Valparaíso, Chile",CEA-12,14
us6000tahc,5,0.5208333333333334,22.044,shallow,49,67,403,1,"Valparaíso, Chile",PNSN-07,4
us7000t0r0,2.9,0.08333333333333331,10,shallow,0,213,129,0,"Chiniak, Alaska",PNSN-07,9
us7000t0qy,2.6,0.020833333333333353,10,shallow,0,280,104,0,"Chiniak, Alaska",USGS-WEST,13
aka2026ngtthd,2.8,0.062499999999999965,46.7,shallow,1,45,121,0,"Point Possession, Alaska",PNSN-07,4
aka2026ngthwy,2.8,0.062499999999999965,101.6,intermediate,1,33,121,0,"Skwentna, Alaska",unknown,0
us6000taft,5.1,0.5416666666666666,10,shallow,0,92,400,1,"Hihifo, Tonga",PNSN-07,13
us7000t03b,4.4,0.3958333333333334,73.986,intermediate,0,121,298,0,"Sarangani, Philippines",CEA-12,2
ci41287863,3.22,0.15000000000000005,8.82,shallow,16,96,164,0,"Avalon, CA",USGS-WEST,12
us6000taff,4.5,0.4166666666666667,10,shallow,0,121,312,0,"Arauco, Chile",PNSN-07,5
aka2026nglovt,2.5,0.0,16.5,shallow,0,95,96,0,"Unalakleet, Alaska",USGS-WEST,0
us6000taf3,4.6,0.43749999999999994,65.876,shallow,1,127,326,0,"Kuji, Japan",CEA-12,8
aka2026ngjrti,2.9,0.08333333333333331,90,intermediate,1,34,129,0,"Nikiski, Alaska",CEA-12,8
us7000t0fg,2.5,0.0,10,shallow,0,274,96,0,"Rat Islands, Aleutian Islands, Alaska",PNSN-07,3
us7000t036,4.6,0.43749999999999994,20.521,shallow,0,107,326,0,"Sarangani, Philippines",PNSN-07,0
us7000t0ff,2.5,0.0,10,shallow,0,251,96,0,"Unalaska, Alaska",CEA-12,1
us6000tadr,3.7,0.25000000000000006,5,shallow,3,75,211,0,"Segundo, Colorado",SCEDC-01,14
us6000tadn,3.8,0.2708333333333333,4.19,shallow,8,79,225,0,"Segundo, Colorado",PNSN-07,13
us7000t035,4.3,0.375,10.923,shallow,0,146,284,0,"Sarangani, Philippines",USGS-WEST,14
us6000tadk,4.1,0.33333333333333326,116.786,intermediate,0,80,259,0,"Caucete, Argentina",CEA-12,12
us7000t033,4.5,0.4166666666666667,35,shallow,0,129,312,0,"Sarangani, Philippines",PNSN-07,6
us6000tadj,5.2,0.5625000000000001,35,shallow,2,41,417,1,"Sarangani, Philippines",SCEDC-01,13
us7000t0f6,3.1,0.12500000000000003,10,shallow,0,205,148,0,"Attu Station, Alaska",CEA-12,15
us6000tadd,4.1,0.33333333333333326,218.647,intermediate,0,187,259,0,"San Antonio de los Cobres, Argentina",CEA-12,1
us6000tadc,5.9,0.7083333333333335,35,shallow,10,35,541,1,"Sarangani, Philippines",USGS-WEST,1
us6000tada,4.6,0.43749999999999994,115.579,intermediate,0,49,326,0,"Neiafu, Tonga",CEA-12,0
aka2026ngehex,2.6,0.020833333333333353,2.5,shallow,0,281,104,0,"Atka, Alaska",unknown,0
us7000t032,4,0.3125,56.904,shallow,0,130,246,0,"Kýthira, Greece",PNSN-07,11
us6000tafp,3.4,0.1875,58.92,shallow,3,178,178,0,"Huara, Chile",CEA-12,7
aka2026ngcljf,3.8,0.2708333333333333,15.6,shallow,0,199,222,0,"Attu Station, Alaska",USGS-WEST,7
us7000t02w,4.6,0.43749999999999994,10,shallow,0,129,326,0,"Mabiton, Philippines",PNSN-07,11
us7000t02x,4.3,0.375,10,shallow,0,184,284,0,"Hihifo, Tonga",SCEDC-01,10
us7000t02v,4.3,0.375,10,shallow,0,190,284,0,Kuril Islands,PNSN-07,0
us7000t0cw,3.2,0.14583333333333337,10,shallow,0,189,158,0,"Attu Station, Alaska",unknown,0
aka2026nfzhjl,4,0.3125,108,intermediate,71,49,268,0,"Happy Valley, Alaska",unknown,0
us7000t02u,4.4,0.3958333333333334,145.436,intermediate,0,163,298,0,"Isangel, Vanuatu",SCEDC-01,3
us7000t02t,4.3,0.375,142.921,intermediate,0,50,284,0,"Mandráki, Greece",PNSN-07,0
us7000t0ct,3,0.10416666666666667,10,shallow,0,260,138,0,"Adak, Alaska",CEA-12,3
aka2026nfuwil,3.1,0.12500000000000003,26.2,shallow,0,219,148,0,"Old Harbor, Alaska",PNSN-07,12
nc75390436,2.58,0.016666666666666684,25.2,shallow,1,42,103,0,"Red Bluff, CA",USGS-WEST,5
us6000tacl,4.7,0.45833333333333337,10,shallow,0,176,340,0,"San Juan del Sur, Nicaragua",CEA-12,3
us6000taci,4.4,0.3958333333333334,598.411,deep,0,110,298,0,the Fiji Islands,PNSN-07,15
us7000t02s,4.2,0.35416666666666674,128.96,intermediate,0,137,271,0,"Volcano Islands, Japan region",CEA-12,2
aka2026nfprzg,3,0.10416666666666667,24.3,shallow,0,267,138,0,"Old Harbor, Alaska",PNSN-07,6
aka2026nfogqz,3.2,0.14583333333333337,22.9,shallow,0,198,158,0,"Old Harbor, Alaska",USGS-WEST,1
us7000szhj,4.2,0.35416666666666674,548.416,deep,0,80,271,0,"Labasa, Fiji",CEA-12,11
us7000szhi,4.3,0.375,10,shallow,0,108,284,0,Carlsberg Ridge,PNSN-07,4
us6000tabx,3.9,0.2916666666666667,539.257,deep,0,129,234,0,"Ozernovskiy, Russia",CEA-12,13
pr71522803,3.07,0.11874999999999997,35.74,shallow,0,210,145,0,"Charlotte Amalie, U.S. Virgin Islands",unknown,0
pr71522793,2.68,0.03750000000000003,30.71,shallow,0,234,110,0,"Brenas, Puerto Rico",CEA-12,4
us7000t0jt,2.8,0.062499999999999965,35,shallow,0,217,121,0,"Sand Point, Alaska",unknown,0
aka2026nffthe,2.8,0.062499999999999965,4.5,shallow,0,215,121,0,"Atka, Alaska",USGS-WEST,15
us7000t0jm,3.6,0.22916666666666669,10,shallow,0,203,199,0,"Attu Station, Alaska",CEA-12,8
aka2026nfezvx,3.4,0.1875,100.3,intermediate,0,61,178,0,"Karluk, Alaska",USGS-WEST,0
us6000tab1,4.3,0.375,127.264,intermediate,0,33,284,0,"Jiufen, Taiwan",unknown,0
us6000tab5,4.6,0.43749999999999994,31.157,shallow,0,84,326,0,"Abepura, Indonesia",USGS-WEST,10
us7000t0jj,2.6,0.020833333333333353,35,shallow,0,219,104,0,"Adak, Alaska",unknown,0
us6000tawa,4.4,0.3958333333333334,10,shallow,0,97,298,0,southeast Indian Ridge,CEA-12,13
us7000szhl,4.3,0.375,10,shallow,0,149,284,0,"Kandrian, Papua New Guinea",PNSN-07,6
pr71522773,3.21,0.14791666666666667,21.96,shallow,0,252,159,0,"Pole Ojea, Puerto Rico",SCEDC-01,0
us6000taw8,4.4,0.3958333333333334,10,shallow,0,87,298,0,southeast Indian Ridge,CEA-12,0
us7000szh3,4.2,0.35416666666666674,10,shallow,0,100,271,0,southeast Indian Ridge,USGS-WEST,11
us7000t0jc,3.2,0.14583333333333337,35,shallow,0,200,158,0,"Akutan, Alaska",USGS-WEST,10
us7000szh0,4.1,0.33333333333333326,10,shallow,0,161,259,0,"Izu Islands, Japan region",USGS-WEST,10
us7000t0jv,2.6,0.020833333333333353,20.238,shallow,0,216,104,0,"Adak, Alaska",SCEDC-01,13
us6000taai,4.3,0.375,30.864,shallow,0,145,284,0,"La Serena, Chile",PNSN-07,8
us7000szgz,4.1,0.33333333333333326,28.91,shallow,0,128,259,0,"Bitung, Indonesia",SCEDC-01,3
us6000taah,3.5,0.20833333333333334,10,shallow,1,78,189,0,"Los Ojos, New Mexico",SCEDC-01,7
us7000t0ja,2.7,0.041666666666666706,21.464,shallow,0,224,112,0,"Adak, Alaska",SCEDC-01,14
ci41287431,2.83,0.06875000000000002,10.01,shallow,0,31,123,0,"Westmorland, CA",unknown,0
us6000tabf,3.4,0.1875,10,shallow,0,230,178,0,"Adak, Alaska",unknown,0
pr2026186001,3.74,0.2583333333333334,79,intermediate,0,172,215,0,"Punta Cana, Dominican Republic",CEA-12,8
aka2026neyboe,2.8,0.062499999999999965,15.6,shallow,0,231,121,0,"Adak, Alaska",unknown,0
us6000taab,5,0.5208333333333334,5.307,shallow,0,93,385,1,"Coquimbo, Chile",PNSN-07,2
us7000t0j7,2.8,0.062499999999999965,153.866,intermediate,0,138,121,0,"Adak, Alaska",SCEDC-01,6
us6000taaa,5,0.5208333333333334,10,shallow,10,38,388,1,"Mianzhu, Deyang, Sichuan, China",PNSN-07,11
us6000taa7,4.6,0.43749999999999994,10,shallow,2,97,326,0,"Mianzhu, Deyang, Sichuan, China",CEA-12,0
us7000szgy,4.2,0.35416666666666674,121.347,intermediate,0,123,271,0,"Panguna, Papua New Guinea",PNSN-07,10
us6000taa3,4.5,0.4166666666666667,94.56,intermediate,0,134,312,0,"Shikotan, Russia",PNSN-07,11
us6000taa2,4.9,0.5000000000000001,10,shallow,2,57,370,0,"Mianzhu, Deyang, Sichuan, China",PNSN-07,15
nc75390041,2.96,0.09583333333333333,6.78,shallow,75,32,158,0,"Aromas, CA",PNSN-07,4
us6000ta9n,4.8,0.47916666666666663,24.829,shallow,0,86,354,0,"Coquimbo, Chile",CEA-12,5
us6000ta9m,5.7,0.6666666666666667,670.304,deep,0,37,500,1,"Levuka, Fiji",CEA-12,1
us7000t0iy,2.7,0.041666666666666706,164.55,intermediate,0,162,112,0,"Nikolski, Alaska",PNSN-07,9
nc75390006,2.95,0.09375000000000004,5.54,shallow,16,36,138,0,"Gilroy, CA",PNSN-07,15
aka2026nesxaa,2.6,0.020833333333333353,5,shallow,0,276,104,0,"Atka, Alaska",PNSN-07,13
us6000ta9a,4.1,0.33333333333333326,539.755,deep,0,92,259,0,Fiji region,PNSN-07,1
us7000szgw,4.6,0.43749999999999994,59.823,shallow,0,132,326,0,"Sungai Penuh, Indonesia",PNSN-07,4
us7000t0ik,3.2,0.14583333333333337,88.804,intermediate,0,200,158,0,"Atka, Alaska",PNSN-07,0
us6000ta95,4.5,0.4166666666666667,10,shallow,0,138,312,0,"Ovalle, Chile",SCEDC-01,4
us7000t0ii,3,0.10416666666666667,22.575,shallow,0,255,138,0,"Adak, Alaska",PNSN-07,10
us7000t0ih,2.7,0.041666666666666706,10,shallow,0,226,112,0,"Adak, Alaska",PNSN-07,14
us7000t0ig,3.4,0.1875,216.844,intermediate,0,138,178,0,"Atka, Alaska",PNSN-07,12
pr2026186000,3.96,0.3041666666666667,39,shallow,4,188,242,0,"Hatillo, Puerto Rico",CEA-12,0
us6000ta8s,4.4,0.3958333333333334,10,shallow,0,96,298,0,"Diego de Almagro, Chile",PNSN-07,11
aka2026nelqbm,2.5,0.0,29.4,shallow,0,245,96,0,"Adak, Alaska",PNSN-07,10
us7000szgv,4.6,0.43749999999999994,102.574,intermediate,0,156,326,0,the Kermadec Islands,CEA-12,0
aka2026nejajx,2.5,0.0,26.9,shallow,0,272,96,0,"Nikolski, Alaska",SCEDC-01,14
pr71522713,2.99,0.10208333333333339,94.66,intermediate,0,152,138,0,"Espino, Puerto Rico",PNSN-07,13
us6000ta86,5,0.5208333333333334,70.037,intermediate,0,102,385,1,"Severo-Kuril’sk, Russia",CEA-12,6
us7000szgr,4.1,0.33333333333333326,536.812,deep,0,157,259,0,"Kimbe, Papua New Guinea",PNSN-07,1
aka2026nefxaw,2.5,0.0,108.1,intermediate,0,38,96,0,"Ninilchik, Alaska",CEA-12,7
us6000ta7w,2.5,0.0,11.233,shallow,0,85,96,0,"Los Ojos, New Mexico",USGS-WEST,14
ci41287111,3.01,0.10624999999999996,7.38,shallow,0,33,139,0,"Johannesburg, CA",PNSN-07,5
us7000szgp,4.2,0.35416666666666674,10,shallow,0,116,271,0,"Mianzhu, Deyang, Sichuan, China",PNSN-07,3
us6000taw2,4.5,0.4166666666666667,10,shallow,0,121,312,0,"Angoram, Papua New Guinea",PNSN-07,0
aka2026necqet,2.5,0.0,145.1,intermediate,0,33,96,0,"Port Alsworth, Alaska",CEA-12,4
aka2026nebzsm,3.4,0.1875,35.1,shallow,0,240,178,0,"Akhiok, Alaska",CEA-12,13
us7000t07t,2.5,0.0,19.044,shallow,0,208,96,0,"Unalaska, Alaska",SCEDC-01,3
pr71522703,2.5,0.0,13.29,shallow,0,241,96,0,"Boquerón, Puerto Rico",SCEDC-01,0
aka2026neabrs,2.9,0.08333333333333331,27.3,shallow,5,26,131,0,"Susitna, Alaska",SCEDC-01,13
pr71522693,3.17,0.13958333333333334,9.62,shallow,0,278,155,0,"Cruz Bay, U.S. Virgin Islands",SCEDC-01,1
us6000tavt,4.1,0.33333333333333326,10,shallow,1,123,259,0,"Apollo Bay, Australia",SCEDC-01,6
us7000szgl,4,0.3125,62.07,shallow,0,156,246,0,"Severo-Kuril’sk, Russia",unknown,0
nn00921191,3.1,0.12500000000000003,1.0913,shallow,0,175,148,0,"Lamoille, Nevada",PNSN-07,0
aka2026ndsqav,2.8,0.062499999999999965,21.5,shallow,0,224,121,0,"Adak, Alaska",CEA-12,10
us6000ta6r,4.5,0.4166666666666667,521.265,deep,0,121,312,0,the Fiji Islands,PNSN-07,9
us7000szlb,2.5,0.0,35,shallow,0,244,96,0,"Sand Point, Alaska",SCEDC-01,0
us6000ta6j,4.4,0.3958333333333334,623.086,deep,0,76,298,0,Fiji region,PNSN-07,1
us6000ta6g,4.4,0.3958333333333334,10,shallow,0,164,298,0,"Talcahuano, Chile",SCEDC-01,10
us6000ta6h,4.4,0.3958333333333334,197.401,intermediate,0,122,298,0,"Pagan region, Northern Mariana Islands",PNSN-07,3
us6000ta64,4.7,0.45833333333333337,34.694,shallow,0,139,340,0,"Atico, Peru",USGS-WEST,2
pr2026185003,3.53,0.2145833333333333,20,shallow,1,281,192,0,"Cruz Bay, U.S. Virgin Islands",PNSN-07,12
pr71522673,3.25,0.15625,37.08,shallow,0,339,162,0,"Punta Cana, Dominican Republic",USGS-WEST,5
aka2026ndgcqb,2.5,0.0,1.8,shallow,0,309,96,0,"Nikolski, Alaska",CEA-12,14
us6000ta5h,4.4,0.3958333333333334,10,shallow,0,137,298,0,"Izu Islands, Japan region",USGS-WEST,3
ci41286623,2.57,0.0145833333333333,7.46,shallow,0,33,102,0,"Johannesburg, CA",CEA-12,12
us7000szl2,2.8,0.062499999999999965,35,shallow,0,218,121,0,"False Pass, Alaska",USGS-WEST,3
us6000ta53,4.8,0.47916666666666663,10,shallow,0,121,354,0,"Izu Islands, Japan region",PNSN-07,8
us6000ta52,4.6,0.43749999999999994,27.564,shallow,0,45,326,0,"Izu Islands, Japan region",PNSN-07,1
aka2026nddsnw,2.5,0.0,47,shallow,1,33,96,0,"Point Possession, Alaska",unknown,0
us7000szf8,4.1,0.33333333333333326,30.137,shallow,0,181,259,0,"Severo-Kuril’sk, Russia",USGS-WEST,1
us6000ta4u,4.9,0.5000000000000001,10,shallow,0,71,369,0,Central America,unknown,0
us7000szf9,4.3,0.375,10,shallow,0,167,284,0,Reykjanes Ridge,USGS-WEST,10
us6000ta4p,4.4,0.3958333333333334,10,shallow,0,69,298,0,Reykjanes Ridge,SCEDC-01,4
us7000szkw,3,0.10416666666666667,182.154,intermediate,0,127,138,0,"Adak, Alaska",unknown,0
us7000szf6,4.3,0.375,10,shallow,0,122,284,0,Reykjanes Ridge,SCEDC-01,11
us6000ta4c,5.2,0.5625000000000001,10,shallow,0,54,416,1,southern Mid-Atlantic Ridge,unknown,0
us7000szf7,4.1,0.33333333333333326,186.02,intermediate,0,209,259,0,"Khorugh, Tajikistan",SCEDC-01,2
pr2026185002,3.87,0.2854166666666667,62,shallow,1,192,231,0,"Punta Cana, Dominican Republic",SCEDC-01,13
us7000szf5,4.2,0.35416666666666674,69.597,shallow,0,129,271,0,"Burias, Philippines",USGS-WEST,2
us6000ta3t,5,0.5208333333333334,10,shallow,0,120,385,1,Reykjanes Ridge,SCEDC-01,6
us7000szfg,4.3,0.375,10,shallow,0,136,284,0,Reykjanes Ridge,CEA-12,10
us7000szf4,4.5,0.4166666666666667,122.284,intermediate,0,191,312,0,"Port-Olry, Vanuatu",SCEDC-01,6
us7000szf2,4.3,0.375,10,shallow,0,120,284,0,Reykjanes Ridge,unknown,0
us6000ta3r,5,0.5208333333333334,10,shallow,0,67,385,1,Reykjanes Ridge,PNSN-07,4
us6000ta3s,4.4,0.3958333333333334,10,shallow,0,119,298,0,Reykjanes Ridge,CEA-12,1
us7000szfk,4.3,0.375,10,shallow,0,138,284,0,Reykjanes Ridge,unknown,0
us6000ta3q,4.9,0.5000000000000001,10,shallow,0,120,369,0,Reykjanes Ridge,PNSN-07,0
us7000szfj,4.2,0.35416666666666674,10,shallow,0,128,271,0,Reykjanes Ridge,PNSN-07,3
us7000szf3,4.3,0.375,10,shallow,0,135,284,0,Reykjanes Ridge,CEA-12,13
us7000szf1,4,0.3125,162.218,intermediate,0,124,246,0,"Fukaura, Japan",unknown,0
us6000ta3f,4.6,0.43749999999999994,54.41,shallow,0,123,326,0,"Kandrian, Papua New Guinea",PNSN-07,2
us6000ta3g,4.7,0.45833333333333337,10,shallow,0,103,340,0,"Pianjiao, China",SCEDC-01,11
hv74996856,3.24,0.15416666666666673,7.21,shallow,2,90,162,0,"Wai‘ōhinu, Hawaii",PNSN-07,9
us7000szez,4.6,0.43749999999999994,50.105,shallow,0,98,326,0,"Ternate, Indonesia",PNSN-07,9
us6000ta3d,4.6,0.43749999999999994,10,shallow,0,95,326,0,"Pianjiao, China",PNSN-07,10
us6000ta37,4.5,0.4166666666666667,10,shallow,0,102,312,0,"Pianjiao, China",PNSN-07,8
aka2026ncotqo,2.7,0.041666666666666706,37.6,shallow,0,118,112,0,"Ouzinkie, Alaska",SCEDC-01,0
us6000ta34,4.8,0.47916666666666663,124.794,intermediate,0,101,354,0,"Tobelo, Indonesia",PNSN-07,13
us6000ta32,5.1,0.5416666666666666,10,shallow,0,57,400,1,"Abepura, Indonesia",PNSN-07,3
us6000ta31,4.9,0.5000000000000001,35,shallow,2,117,370,0,"Sarangani, Philippines",PNSN-07,1
us7000szjz,2.8,0.062499999999999965,10,shallow,0,223,121,0,"King Cove, Alaska",USGS-WEST,0
us7000szex,4.4,0.3958333333333334,10,shallow,0,125,298,0,"Balangonan, Philippines",SCEDC-01,15
us6000ta2x,4.7,0.45833333333333337,186.355,intermediate,0,32,340,0,"Lae, Papua New Guinea",SCEDC-01,7
pr2026185001,3.6,0.22916666666666669,10,shallow,0,114,199,0,"Saint Croix, U.S. Virgin Islands",SCEDC-01,8
us7000szew,4.6,0.43749999999999994,101.894,intermediate,0,134,326,0,South Sandwich Islands region,CEA-12,0
us6000ta2j,4.2,0.35416666666666674,259.942,intermediate,0,57,271,0,"Ambon, Indonesia",unknown,0
us7000szjd,2.9,0.08333333333333331,11.629,shallow,0,193,129,0,"Atka, Alaska",SCEDC-01,4
us6000ta2b,4.4,0.3958333333333334,298.998,intermediate,0,54,298,0,"Hihifo, Tonga",PNSN-07,7
us6000ta20,4.8,0.47916666666666663,10,shallow,0,127,354,0,"Izu Islands, Japan region",PNSN-07,9
aka2026ncfzau,2.6,0.020833333333333353,7.9,shallow,0,41,104,0,"Kokhanok, Alaska",SCEDC-01,11
us7000szeu,4.1,0.33333333333333326,10,shallow,0,204,259,0,"Petropavlovsk-Kamchatsky, Russia",CEA-12,5
us7000szja,2.9,0.08333333333333331,10.011,shallow,0,178,129,0,"Attu Station, Alaska",CEA-12,0
us7000szes,4.2,0.35416666666666674,268.617,intermediate,0,121,271,0,"Cabacao, Philippines",SCEDC-01,1
us7000szet,4,0.3125,10,shallow,0,176,246,0,"Attu Station, Alaska",unknown,0
us6000ta1t,4.8,0.47916666666666663,35,shallow,0,108,354,0,"Balangonan, Philippines",unknown,0
us6000ta1q,2.6,0.020833333333333353,10,shallow,0,280,104,0,"Pistol River, Oregon",USGS-WEST,13
tx2026nabvvf,2.8,0.062499999999999965,6.5674,shallow,0,63,121,0,"Los Ybanez, Texas",SCEDC-01,2
aka2026ncdyzk,2.8,0.062499999999999965,4.2,shallow,0,248,121,0,"Chignik, Alaska",CEA-12,2
us7000szep,3.8,0.2708333333333333,440.464,deep,0,123,222,0,"Pagan region, Northern Mariana Islands",SCEDC-01,10
aka2026ncclpa,3.3,0.16666666666666663,1.7,shallow,0,176,168,0,"Port Alexander, Alaska",PNSN-07,3
us6000ta18,5,0.5208333333333334,51.786,shallow,4,130,386,1,"Ovalle, Chile",unknown,0
aka2026nccdjm,2.6,0.020833333333333353,14.5,shallow,0,298,104,0,"Nikolski, Alaska",PNSN-07,7
us6000ta17,4.6,0.43749999999999994,385.987,deep,0,132,326,0,"Kumano, Japan",CEA-12,0
us7000sziy,2.9,0.08333333333333331,35,shallow,0,218,129,0,"Akutan, Alaska",USGS-WEST,9
us7000szix,2.7,0.041666666666666706,35,shallow,0,218,112,0,"False Pass, Alaska",PNSN-07,15
pr2026185000,3.82,0.27499999999999997,67,shallow,0,185,224,0,"San Antonio, Puerto Rico",CEA-12,8
us6000ta14,5,0.5208333333333334,10,shallow,3,81,386,1,"Balangonan, Philippines",SCEDC-01,4
us7000szek,4.5,0.4166666666666667,35,shallow,0,122,312,0,"Burias, Philippines",unknown,0
aka2026ncabar,2.8,0.062499999999999965,58.1,shallow,0,113,121,0,"Akhiok, Alaska",USGS-WEST,10
us7000sziq,2.9,0.08333333333333331,20.697,shallow,0,179,129,0,"Attu Station, Alaska",USGS-WEST,2
us6000ta7l,4.5,0.4166666666666667,10,shallow,0,191,312,0,"Lautoka, Fiji",PNSN-07,10
pr71522598,3.29,0.16458333333333336,40.22,shallow,0,200,167,0,"Hatillo, Puerto Rico",PNSN-07,6
us6000ta1y,3.5,0.20833333333333334,10,shallow,1,206,189,0,"Kanbe, Burma (Myanmar)",PNSN-07,12
us6000tajd,2.7,0.041666666666666706,9.686,shallow,0,196,112,0,"Nikolski, Alaska",CEA-12,13
us6000ta0n,4.5,0.4166666666666667,579.839,deep,0,50,312,0,Fiji region,CEA-12,13
us7000szii,3.6,0.22916666666666669,10,shallow,0,186,199,0,"Attu Station, Alaska",SCEDC-01,5
us7000sz7f,4.5,0.4166666666666667,96.387,intermediate,0,111,312,0,"Port-Vila, Vanuatu",unknown,0
us6000ta0j,4.4,0.3958333333333334,10,shallow,0,54,298,0,"Sarykemer, Kazakhstan",PNSN-07,2
pr71522593,3.25,0.15625,24.06,shallow,0,292,162,0,"Isabela, Puerto Rico",PNSN-07,7
us7000sz7j,4.1,0.33333333333333326,10,shallow,0,116,259,0,"Masohi, Indonesia",SCEDC-01,6
us6000ta1r,4.1,0.33333333333333326,12.287,shallow,0,188,259,0,"Attu Station, Alaska",CEA-12,0
us7000sz7e,4.5,0.4166666666666667,46.235,shallow,0,77,312,0,"Boyolangu, Indonesia",PNSN-07,3
us7000t05a,2.7,0.041666666666666706,98.024,intermediate,0,197,112,0,"Atka, Alaska",CEA-12,0
us7000sz7d,4.5,0.4166666666666667,68.343,shallow,0,143,312,0,"Sabang, Indonesia",SCEDC-01,11
pr71522573,2.97,0.09791666666666671,45.76,shallow,0,257,136,0,"Cruz Bay, U.S. Virgin Islands",CEA-12,13
us7000sz7c,3.4,0.1875,10,shallow,0,223,178,0,"Atka, Alaska",PNSN-07,6
us7000sz7b,4.4,0.3958333333333334,53.043,shallow,0,168,298,0,"Kuril’sk, Russia",PNSN-07,4
us7000sz7a,4.3,0.375,10,shallow,0,152,284,0,"Kokopo, Papua New Guinea",PNSN-07,7
us7000sz7h,4,0.3125,525.724,deep,0,146,246,0,"Levuka, Fiji",PNSN-07,9
us6000t9zw,5.3,0.5833333333333334,10,shallow,0,94,432,1,Balleny Islands region,unknown,0
us7000sz79,4.1,0.33333333333333326,70.567,intermediate,0,173,259,0,"Panguna, Papua New Guinea",SCEDC-01,7
us7000sz78,4.5,0.4166666666666667,56.195,shallow,0,128,312,0,"Misawa, Japan",CEA-12,6
us7000sz77,4.5,0.4166666666666667,77.223,intermediate,0,77,312,0,"Balangonan, Philippines",USGS-WEST,11
us7000t04k,2.7,0.041666666666666706,69.093,shallow,0,178,112,0,"Attu Station, Alaska",CEA-12,6
us6000t9zf,4.7,0.45833333333333337,62.89,shallow,0,73,340,0,"Burias, Philippines",SCEDC-01,15
us6000t9zc,4.3,0.375,139.728,intermediate,0,85,284,0,"Tual, Indonesia",PNSN-07,0
us6000t9yy,4.8,0.47916666666666663,41.717,shallow,1,56,355,0,"Tambolaka, Indonesia",USGS-WEST,2
us6000t9uy,3.3,0.16666666666666663,10,shallow,0,97,168,0,"Chalkyitsik, Alaska",unknown,0
us6000t9uw,4.5,0.4166666666666667,95.314,intermediate,0,72,312,0,"Vinchina, Argentina",SCEDC-01,1
us6000t9zv,3.5,0.20833333333333334,10,shallow,0,249,188,0,"Adak, Alaska",CEA-12,0
us7000t025,3,0.10416666666666667,10,shallow,0,195,138,0,"Attu Station, Alaska",CEA-12,2
us6000t9up,2.5,0.0,10,shallow,1,126,96,0,"Saint-Siméon, Canada",CEA-12,15
pr2026184000,3.92,0.29583333333333334,148,intermediate,0,178,236,0,"La Romana, Dominican Republic",unknown,0
us7000sz7i,4.3,0.375,10,shallow,0,180,284,0,"Beauséjour, Guadeloupe",USGS-WEST,1
us6000t9um,4.5,0.4166666666666667,10,shallow,1,118,312,0,"Beauséjour, Guadeloupe",USGS-WEST,4
us7000sz73,4.1,0.33333333333333326,55.089,shallow,0,183,259,0,"Kuji, Japan",SCEDC-01,0
us6000t9zu,3.8,0.2708333333333333,10,shallow,0,197,222,0,"Atka, Alaska",PNSN-07,6
aka2026nbdbel,2.5,0.0,0.4,shallow,0,202,96,0,"Adak, Alaska",unknown,0
us7000t020,3.2,0.14583333333333337,10,shallow,0,190,158,0,"Attu Station, Alaska",USGS-WEST,14
us7000t01z,3.3,0.16666666666666663,126.377,intermediate,0,161,168,0,"Rat Islands, Aleutian Islands, Alaska",CEA-12,12
us7000t01y,2.7,0.041666666666666706,142.28,intermediate,0,171,112,0,"Rat Islands, Aleutian Islands, Alaska",SCEDC-01,2
aka2026nbaict,2.7,0.041666666666666706,5,shallow,0,193,112,0,"Attu Station, Alaska",SCEDC-01,7
aka2026nbaaik,2.9,0.08333333333333331,91.1,intermediate,0,40,129,0,"Ninilchik, Alaska",PNSN-07,1
us7000sz71,4.1,0.33333333333333326,10,shallow,0,171,259,0,"Mawlaik, Burma (Myanmar)",USGS-WEST,0
us7000sz6z,4.6,0.43749999999999994,35,shallow,0,124,326,0,"Sarangani, Philippines",CEA-12,8
us7000t01q,2.8,0.062499999999999965,99.138,intermediate,0,174,121,0,"Attu Station, Alaska",PNSN-07,14
us6000t9u3,4.3,0.375,10,shallow,0,77,284,0,"Ḩājjīābād, Iran",PNSN-07,4
us6000t9u2,4.2,0.35416666666666674,10,shallow,0,91,271,0,"Hirara, Japan",SCEDC-01,2
us7000sz6y,4.1,0.33333333333333326,10,shallow,0,187,259,0,"Balangonan, Philippines",PNSN-07,10
us7000sz6x,4.1,0.33333333333333326,10,shallow,0,122,259,0,"Ḩājjīābād, Iran",unknown,0
us7000sz6v,4.4,0.3958333333333334,35,shallow,0,135,298,0,"Kuril’sk, Russia",unknown,0
us7000sz7k,4.3,0.375,10,shallow,0,206,284,0,"Port-Olry, Vanuatu",SCEDC-01,0
us6000t9tw,4.9,0.5000000000000001,70.635,intermediate,1,90,370,0,"Sarangani, Philippines",SCEDC-01,10
us6000t9tv,4.9,0.5000000000000001,64.911,shallow,0,101,369,0,"Sarangani, Philippines",PNSN-07,4
us6000t9tt,4.4,0.3958333333333334,10,shallow,0,71,298,0,"Kyzyl-Eshme, Kyrgyzstan",SCEDC-01,0
us7000sz6t,4.4,0.3958333333333334,10,shallow,0,154,298,0,"Aisen, Chile",CEA-12,15
us6000t9ts,4.6,0.43749999999999994,10,shallow,0,110,326,0,Macquarie Island,unknown,0
us7000sz6r,4.4,0.3958333333333334,10,shallow,0,128,298,0,Pacific-Antarctic Ridge,PNSN-07,13
us7000sz6s,4.2,0.35416666666666674,93.372,intermediate,0,130,271,0,"Severo-Kuril’sk, Russia",SCEDC-01,13
us6000t9tm,4.5,0.4166666666666667,10,shallow,0,72,312,0,"Hirara, Japan",USGS-WEST,2
aka2026narcsb,2.5,0.0,90.2,intermediate,0,145,96,0,"Adak, Alaska",PNSN-07,10
us6000t9tf,5.9,0.7083333333333335,34,shallow,0,45,536,1,"Severo-Kuril’sk, Russia",SCEDC-01,0
us7000szmt,3,0.10416666666666667,3.4,shallow,0,197,138,0,"Attu Station, Alaska",SCEDC-01,9
us6000t9ta,4.7,0.45833333333333337,126.413,intermediate,1,148,340,0,"Tobelo, Indonesia",CEA-12,3
us7000sz6p,4.5,0.4166666666666667,10,shallow,0,156,312,0,"Port-Olry, Vanuatu",CEA-12,14
us7000szl8,2.6,0.020833333333333353,95.077,intermediate,0,211,104,0,"False Pass, Alaska",PNSN-07,11
us7000sz6n,4.5,0.4166666666666667,10,shallow,0,97,312,0,"Hirara, Japan",SCEDC-01,0
us7000sz6l,4.2,0.35416666666666674,10,shallow,0,96,271,0,"Hirara, Japan",PNSN-07,7
us6000t9t2,4.2,0.35416666666666674,10,shallow,0,98,271,0,"Hirara, Japan",PNSN-07,1
aka2026namsxg,2.5,0.0,149,intermediate,0,24,96,0,"Pedro Bay, Alaska",USGS-WEST,4
aka2026nalsmk,2.5,0.0,9.5,shallow,0,258,96,0,"Nikolski, Alaska",SCEDC-01,11
us7000szkj,2.8,0.062499999999999965,10,shallow,0,185,121,0,"Attu Station, Alaska",CEA-12,14
us7000szkg,3.1,0.12500000000000003,11.593,shallow,0,185,148,0,"Attu Station, Alaska",USGS-WEST,1
us6000t9t9,3.5,0.20833333333333334,10,shallow,0,262,188,0,"Adak, Alaska",PNSN-07,3
us6000t9t8,2.9,0.08333333333333331,10,shallow,0,203,129,0,"Atka, Alaska",unknown,0
us6000t9sq,4.1,0.33333333333333326,61.605,shallow,5,164,260,0,"San Rafael Abajo, Costa Rica",PNSN-07,8
us6000t9sk,4.6,0.43749999999999994,84.026,intermediate,1,100,326,0,"Tobelo, Indonesia",SCEDC-01,7
us7000sziv,2.8,0.062499999999999965,7.886,shallow,0,190,121,0,"Attu Station, Alaska",PNSN-07,8
us6000t9sj,6.1,0.75,10,shallow,1,24,573,1,"Hirara, Japan",CEA-12,0
us6000t9si,4.9,0.5000000000000001,10,shallow,0,78,369,0,"Hirara, Japan",unknown,0
us7000szit,2.6,0.020833333333333353,35,shallow,0,210,104,0,"Adak, Alaska",USGS-WEST,3
us7000sz6d,4.5,0.4166666666666667,142.939,intermediate,0,216,312,0,"Luganville, Vanuatu",PNSN-07,0
us6000t9s2,4.4,0.3958333333333334,93.066,intermediate,0,98,298,0,"Ashkāsham, Afghanistan",PNSN-07,0
uu80143896,3.16,0.13750000000000004,-1.93,shallow,1,112,154,0,"Little America, Wyoming",PNSN-07,13
aka2026nafhzg,2.7,0.041666666666666706,5,shallow,0,235,112,0,"Chiniak, Alaska",SCEDC-01,14
us7000sz7g,4.6,0.43749999999999994,159.741,intermediate,0,139,326,0,"Tobelo, Indonesia",SCEDC-01,8
us6000t9r5,6.2,0.7708333333333334,107,intermediate,7,29,594,1,"Tobelo, Indonesia",PNSN-07,11
pr71522468,3.21,0.14791666666666667,22.23,shallow,1,231,159,0,"Charlotte Amalie, U.S. Virgin Islands",PNSN-07,0
us7000szil,3,0.10416666666666667,7.179,shallow,0,193,138,0,"Attu Station, Alaska",CEA-12,2
us7000sz6b,4.5,0.4166666666666667,71.169,intermediate,0,112,312,0,South Sandwich Islands region,PNSN-07,6
us6000t9qz,4.6,0.43749999999999994,72.808,intermediate,0,111,326,0,South Sandwich Islands region,PNSN-07,3
us6000t9qx,4.9,0.5000000000000001,50.962,shallow,0,90,369,0,"Ōfunato, Japan",PNSN-07,0
nc75388321,3.85,0.28125000000000006,14.18,shallow,5,31,229,0,"Alder Springs, CA",PNSN-07,5
us6000t9qu,4,0.3125,215.002,intermediate,0,130,246,0,"Uyuni, Bolivia",PNSN-07,13
us6000t9t5,3.6,0.22916666666666669,6.744,shallow,1,189,200,0,"Adak, Alaska",PNSN-07,1
us6000t9qp,2.8,0.062499999999999965,10,shallow,0,240,121,0,"Chiniak, Alaska",PNSN-07,10
aka2026nabmnx,2.6,0.020833333333333353,29.7,shallow,0,225,104,0,"Adak, Alaska",USGS-WEST,15
us7000sz68,4.3,0.375,10,shallow,0,132,284,0,"Macabuboni, Philippines",PNSN-07,3
us6000tazn,3.7,0.25000000000000006,11.524,shallow,0,168,211,0,"Attu Station, Alaska",PNSN-07,2
us6000tazm,4.4,0.3958333333333334,69.568,shallow,0,168,298,0,"Merizo Village, Guam",PNSN-07,7
us7000szdn,3.1,0.12500000000000003,15.324,shallow,0,197,148,0,"Attu Station, Alaska",PNSN-07,13
us7000szdm,2.5,0.0,17.111,shallow,0,191,96,0,"Adak, Alaska",CEA-12,0
us6000tazl,4.3,0.375,63.069,shallow,0,178,284,0,"Hachinohe, Japan",PNSN-07,7
us6000ta7h,4.6,0.43749999999999994,10,shallow,0,115,326,0,Macquarie Island,CEA-12,15
us7000szdk,2.8,0.062499999999999965,35,shallow,0,326,121,0,"Atka, Alaska",USGS-WEST,12
us7000szdj,2.8,0.062499999999999965,17.127,shallow,0,285,121,0,"Rat Islands, Aleutian Islands, Alaska",USGS-WEST,13
us6000t9q1,4.4,0.3958333333333334,160.569,intermediate,0,126,298,0,"Pagan region, Northern Mariana Islands",SCEDC-01,11
aka2026mzunma,2.5,0.0,15.1,shallow,1,31,96,0,"Chickaloon, Alaska",PNSN-07,14
us7000szdf,3.2,0.14583333333333337,35,shallow,0,214,158,0,"Unalaska, Alaska",PNSN-07,12
pr71522458,3.11,0.12708333333333333,5.82,shallow,0,299,149,0,"San Antonio, Puerto Rico",SCEDC-01,0
us6000tazk,4.2,0.35416666666666674,65.116,shallow,0,212,271,0,"Ōfunato, Japan",CEA-12,1
us7000szd7,2.9,0.08333333333333331,10,shallow,0,168,129,0,"Attu Station, Alaska",USGS-WEST,7
aka2026mzpvcm,2.6,0.020833333333333353,34.2,shallow,0,121,104,0,"Halibut Cove, Alaska",PNSN-07,2
us7000szd0,2.8,0.062499999999999965,35,shallow,0,217,121,0,"Adak, Alaska",CEA-12,9
us6000t9p3,4.3,0.375,73.263,intermediate,2,114,285,0,"Burias, Philippines",CEA-12,7
aka2026mzlxec,2.5,0.0,21.8,shallow,0,208,96,0,"Adak, Alaska",CEA-12,2
tx2026mxjgty,2.6,0.020833333333333353,9.5459,shallow,0,39,104,0,"Stanton, Texas",SCEDC-01,4
us6000t9nj,4.2,0.35416666666666674,50.332,shallow,0,148,271,0,"Ancud, Chile",USGS-WEST,2
pr71522388,2.68,0.03750000000000003,4.19,shallow,0,209,110,0,"San Germán, Puerto Rico",USGS-WEST,0
aka2026mzjshm,2.6,0.020833333333333353,115,intermediate,0,24,104,0,"Denali Park, Alaska",SCEDC-01,5
us6000taze,4.1,0.33333333333333326,10,shallow,0,240,259,0,"Kastrí, Greece",unknown,0
us6000t9n0,4.5,0.4166666666666667,10,shallow,0,140,312,0,"Bonin Islands, Japan region",USGS-WEST,3
us6000t9mw,4.7,0.45833333333333337,112.209,intermediate,1,24,340,0,"Yonakuni, Japan",unknown,0
us7000szbz,3.5,0.20833333333333334,10,shallow,0,195,188,0,"Attu Station, Alaska",unknown,0
us7000szbw,3.2,0.14583333333333337,10,shallow,0,193,158,0,"Attu Station, Alaska",CEA-12,6
us6000t9mh,2.8,0.062499999999999965,35,shallow,0,240,121,0,"Sand Point, Alaska",PNSN-07,0
pr71522373,3.22,0.15000000000000005,72.9,intermediate,0,71,160,0,"Parcelas Nuevas, Puerto Rico",PNSN-07,0
us6000t9m5,4.8,0.47916666666666663,148.479,intermediate,1,63,355,0,"Uonuma, Japan",PNSN-07,0
us6000t9m4,4.6,0.43749999999999994,10,shallow,0,100,326,0,"Catuday, Philippines",CEA-12,14
us6000t9lz,5.3,0.5833333333333334,10,shallow,11,42,437,1,"Karpathos, Greece",PNSN-07,11
us7000szba,2.6,0.020833333333333353,10,shallow,0,243,104,0,"False Pass, Alaska",PNSN-07,0
us6000taz8,4.5,0.4166666666666667,10,shallow,0,119,312,0,"Catuday, Philippines",PNSN-07,8
us7000szb9,3,0.10416666666666667,175.506,intermediate,0,161,138,0,"Rat Islands, Aleutian Islands, Alaska",USGS-WEST,15
us6000taz9,4.4,0.3958333333333334,10,shallow,0,118,298,0,"Catuday, Philippines",PNSN-07,5
us6000t9ln,4.1,0.33333333333333326,35,shallow,0,153,259,0,"Acajutla, El Salvador",SCEDC-01,3
us6000t9ls,4.6,0.43749999999999994,10,shallow,0,116,326,0,"Catuday, Philippines",PNSN-07,0
us6000t9li,4.6,0.43749999999999994,10,shallow,0,125,326,0,"Catuday, Philippines",PNSN-07,14
us6000t9lc,4.8,0.47916666666666663,10,shallow,0,100,354,0,"Catuday, Philippines",PNSN-07,8
us7000szb4,3.2,0.14583333333333337,116.734,intermediate,0,195,158,0,"Nikolski, Alaska",USGS-WEST,6
us6000tazr,4.2,0.35416666666666674,10,shallow,0,203,271,0,central East Pacific Rise,unknown,0
us6000t9lb,4.4,0.3958333333333334,10,shallow,0,201,298,0,central East Pacific Rise,USGS-WEST,15
us6000taz5,4.3,0.375,10,shallow,0,123,284,0,"Catuday, Philippines",PNSN-07,12
us6000taz4,4.6,0.43749999999999994,10,shallow,0,140,326,0,"Catuday, Philippines",unknown,0
aka2026myuebc,2.6,0.020833333333333353,14.8,shallow,0,226,104,0,"Adak, Alaska",SCEDC-01,4
us6000taz1,4.3,0.375,10,shallow,0,166,284,0,"Mŭ’minobod, Tajikistan",PNSN-07,12
aka2026mytngg,3.7,0.25000000000000006,108.5,intermediate,0,18,211,0,"Salcha, Alaska",PNSN-07,2
us7000szaz,3,0.10416666666666667,30.771,shallow,0,203,138,0,"Sand Point, Alaska",CEA-12,8
us6000tayz,4.3,0.375,52.198,shallow,0,151,284,0,"Asahi, Japan",PNSN-07,5
pr2026183001,3.93,0.2979166666666667,31,shallow,0,186,238,0,"Hatillo, Puerto Rico",USGS-WEST,8
uw714040221,3.8,0.2708333333333333,25.38,shallow,2030,15,602,0,"Oak Harbor, Washington",SCEDC-01,9
us6000t9kv,2.8,0.062499999999999965,5,shallow,1,83,121,0,"Stonewall Gap, Colorado",PNSN-07,8
ci41285223,3.39,0.1854166666666667,10.19,shallow,16,21,182,0,"Ocotillo Wells, CA",USGS-WEST,14
us6000t9kr,4.5,0.4166666666666667,150.261,intermediate,0,69,312,0,"Gorontalo, Indonesia",CEA-12,0
us7000sz9q,2.7,0.041666666666666706,10,shallow,0,223,112,0,"Chiniak, Alaska",SCEDC-01,10
us6000t9kl,5.4,0.6041666666666667,10,shallow,0,84,449,1,South Sandwich Islands region,SCEDC-01,11
pr2026183002,3.73,0.25625000000000003,117,intermediate,0,186,214,0,"Charlotte Amalie, U.S. Virgin Islands",PNSN-07,0
us7000sz9m,3.7,0.25000000000000006,35,shallow,0,209,211,0,"Nikolski, Alaska",SCEDC-01,7
us6000t9kj,5.2,0.5625000000000001,10,shallow,0,82,416,1,the South Sandwich Islands,SCEDC-01,8
us7000sz9l,2.6,0.020833333333333353,11.571,shallow,0,199,104,0,"False Pass, Alaska",CEA-12,6
us7000sz9k,2.8,0.062499999999999965,10,shallow,0,285,121,0,"Rat Islands, Aleutian Islands, Alaska",USGS-WEST,6
us7000sz9g,2.5,0.0,35,shallow,0,216,96,0,"Sand Point, Alaska",unknown,0
us6000t9ke,4.6,0.43749999999999994,55.776,shallow,0,134,326,0,"Hachinohe, Japan",unknown,0
pr2026183000,4.04,0.32083333333333336,38,shallow,0,291,251,0,"Cruz Bay, U.S. Virgin Islands",CEA-12,0
us6000t9ra,2.7,0.041666666666666706,6.921,shallow,0,201,112,0,"False Pass, Alaska",PNSN-07,9
aka2026mymadk,3.5,0.20833333333333334,38.2,shallow,0,203,188,0,"Adak, Alaska",PNSN-07,5
ci41285127,3.26,0.1583333333333333,7.43,shallow,3,23,164,0,"Johannesburg, CA",CEA-12,8
us6000t9jv,5.2,0.5625000000000001,224.546,intermediate,0,33,416,1,South Sandwich Islands region,PNSN-07,0
us6000tayu,4.2,0.35416666666666674,10,shallow,0,132,271,0,Macquarie Island region,unknown,0
us6000tayt,4.3,0.375,141.37,intermediate,0,96,284,0,"Bandar Lampung, Indonesia",unknown,0
us6000t9jm,5,0.5208333333333334,103.692,intermediate,0,78,385,1,South Sandwich Islands region,PNSN-07,11
us7000sz98,2.6,0.020833333333333353,35,shallow,0,214,104,0,"Nikolski, Alaska",PNSN-07,7
pr71522298,2.83,0.06875000000000002,16.33,shallow,1,225,123,0,"Charlotte Amalie, U.S. Virgin Islands",CEA-12,15
us6000t9ji,4.9,0.5000000000000001,75.623,intermediate,2,107,370,0,"Pachaconas, Peru",SCEDC-01,0
us6000tayr,4.4,0.3958333333333334,27.891,shallow,0,98,298,0,"Abepura, Indonesia",USGS-WEST,14
us6000t9je,4.2,0.35416666666666674,117.262,intermediate,0,198,271,0,"Murghob, Tajikistan",CEA-12,0
us6000t9ja,4.5,0.4166666666666667,548.34,deep,0,122,312,0,Fiji region,SCEDC-01,4
us7000sz94,2.6,0.020833333333333353,20.666,shallow,0,258,104,0,"Chiniak, Alaska",unknown,0
us6000t9j7,4.5,0.4166666666666667,10,shallow,0,148,312,0,"Lebu, Chile",USGS-WEST,0
us6000t9j0,2.7,0.041666666666666706,10,shallow,0,28,112,0,"Spencer, Idaho",unknown,0
us6000taxz,4.4,0.3958333333333334,10,shallow,0,98,298,0,"Xinyuan, China",USGS-WEST,3
aka2026myakbr,2.8,0.062499999999999965,126.7,intermediate,0,42,121,0,"Pedro Bay, Alaska",SCEDC-01,9
us6000t9id,4.4,0.3958333333333334,35,shallow,0,164,298,0,"Tepetixtla, Mexico",USGS-WEST,12
us6000taxy,4.1,0.33333333333333326,178.273,intermediate,0,147,259,0,"Finschhafen, Papua New Guinea",unknown,0
us6000t9hu,5.6,0.6458333333333333,259,intermediate,1,43,483,1,"Hihifo, Tonga",PNSN-07,12
us6000t9hw,4.2,0.35416666666666674,39.037,shallow,0,105,271,0,"Urakawa, Japan",USGS-WEST,11
us6000taxx,3.9,0.2916666666666667,39.075,shallow,0,139,234,0,"Attu Station, Alaska",USGS-WEST,8
us7000sz58,2.7,0.041666666666666706,31.082,shallow,0,238,112,0,"False Pass, Alaska",PNSN-07,14
us6000taxw,4.1,0.33333333333333326,564.67,deep,0,64,259,0,"Levuka, Fiji",CEA-12,8
aka2026mxwgop,2.6,0.020833333333333353,65.7,shallow,1,21,104,0,"Chase, Alaska",unknown,0
us6000taxu,4.3,0.375,442.639,deep,0,133,284,0,Kermadec Islands region,PNSN-07,5
us6000t9h4,4.4,0.3958333333333334,45.206,shallow,2,177,298,0,"Tomé, Chile",USGS-WEST,14
us6000taxv,4.3,0.375,37.98,shallow,0,226,284,0,the Loyalty Islands,USGS-WEST,5
aka2026mxtnzi,3,0.10416666666666667,12,shallow,0,213,138,0,"Pelican, Alaska",USGS-WEST,10
us7000sz57,3.9,0.2916666666666667,197.395,intermediate,0,69,234,0,"Adak, Alaska",PNSN-07,0
us6000t9gi,3.3,0.16666666666666663,10,shallow,0,181,168,0,"Chiniak, Alaska",SCEDC-01,13
us6000taxt,4.2,0.35416666666666674,10.981,shallow,0,158,271,0,"Katubao, Philippines",PNSN-07,2
us6000taxs,4.3,0.375,38.548,shallow,0,140,284,0,"Anda, Philippines",unknown,0
us6000t9gg,5.5,0.625,205,intermediate,2,23,466,1,"Jurm, Afghanistan",CEA-12,8
us7000sz55,2.5,0.0,14.446,shallow,0,222,96,0,"False Pass, Alaska",CEA-12,0
us6000taxr,4.5,0.4166666666666667,147.082,intermediate,0,147,312,0,"Luganville, Vanuatu",PNSN-07,5
us6000t9gc,4.5,0.4166666666666667,553.969,deep,0,133,312,0,the Fiji Islands,USGS-WEST,12
hv74994612,2.69,0.039583333333333325,31.97,shallow,0,152,111,0,"Pāhala, Hawaii",PNSN-07,9
us6000taxq,3.9,0.2916666666666667,11.186,shallow,0,168,234,0,"Attu Station, Alaska",PNSN-07,10
us6000t9fz,4.7,0.45833333333333337,57.725,shallow,1,71,340,0,"Kuji, Japan",USGS-WEST,7
pr2026182001,3.77,0.26458333333333334,48,shallow,0,208,219,0,"Boca de Yuma, Dominican Republic",SCEDC-01,10
pr71522238,3.38,0.18333333333333332,85.28,intermediate,0,136,176,0,"Otra Banda, Dominican Republic",PNSN-07,0
us6000t9fi,4.1,0.33333333333333326,368.386,deep,0,111,259,0,"Houma, Tonga",unknown,0
us6000taxk,4.1,0.33333333333333326,425.29,deep,0,80,259,0,"Bonin Islands, Japan region",CEA-12,12
us6000t9f9,4.4,0.3958333333333334,27.196,shallow,1,218,298,0,"Golfito, Costa Rica",PNSN-07,10
aka2026mxigrn,3.6,0.22916666666666669,19.8,shallow,2,65,200,0,"Unalakleet, Alaska",unknown,0
nc75387496,2.73,0.04791666666666666,10,shallow,0,293,115,0,"Petrolia, CA",USGS-WEST,0
us6000t9ej,6,0.7291666666666667,35,shallow,9,95,558,1,"Noda, Japan",SCEDC-01,12
us7000sz4j,3,0.10416666666666667,121.345,intermediate,0,161,138,0,"Rat Islands, Aleutian Islands, Alaska",CEA-12,11
us6000t9eh,4.6,0.43749999999999994,58.463,shallow,0,62,326,0,"Kýthira, Greece",PNSN-07,0
pr71522213,2.66,0.03333333333333337,51.94,shallow,0,183,109,0,"Bayamón, Puerto Rico",PNSN-07,0
aka2026mxfnyy,2.5,0.0,29.5,shallow,0,274,96,0,"Adak, Alaska",USGS-WEST,10
tx2026mvdbvd,2.9,0.08333333333333331,7.2998,shallow,5,52,131,0,"Stanton, Texas",PNSN-07,2
us6000t9hl,4,0.3125,10,shallow,0,194,246,0,"Attu Station, Alaska",PNSN-07,4
us6000t9e1,5.6,0.6458333333333333,543.418,deep,0,79,482,1,"Suva, Fiji",unknown,0
us6000taxg,3.9,0.2916666666666667,103.67,intermediate,0,126,234,0,"Umatac Village, Guam",SCEDC-01,3
us6000taxf,4.1,0.33333333333333326,412.09,deep,0,142,259,0,Fiji region,unknown,0
us6000t9dv,4.3,0.375,85.709,intermediate,0,95,284,0,"Omvriakí, Greece",unknown,0
us7000sz4b,3.6,0.22916666666666669,10,shallow,0,243,199,0,"Adak, Alaska",unknown,0
pr2026182000,3.69,0.24791666666666667,55,shallow,0,192,209,0,"Punta Cana, Dominican Republic",SCEDC-01,2
us6000taxd,4.4,0.3958333333333334,104.764,intermediate,0,114,298,0,"Caburan, Philippines",CEA-12,6
us6000taxe,4.3,0.375,188.059,intermediate,0,69,284,0,"Gorontalo, Indonesia",USGS-WEST,1
us6000taxc,4.3,0.375,146.418,intermediate,0,99,284,0,"Contamana, Peru",USGS-WEST,2
us6000t9dl,4.1,0.33333333333333326,13.563,shallow,1,149,259,0,"Attu Station, Alaska",CEA-12,1
us6000t9d9,4.5,0.4166666666666667,172.608,intermediate,0,64,312,0,"Ollagüe, Chile",PNSN-07,1
us7000sz1w,2.6,0.020833333333333353,10,shallow,0,289,104,0,"Adak, Alaska",SCEDC-01,7
us7000sz1q,2.6,0.020833333333333353,10,shallow,0,256,104,0,"Adak, Alaska",unknown,0
pr71522168,3.42,0.19166666666666665,55.41,shallow,0,297,180,0,"Cruz Bay, U.S. Virgin Islands",PNSN-07,11
us6000t9cu,4.9,0.5000000000000001,10,shallow,0,127,369,0,the Loyalty Islands,PNSN-07,8
ci41284551,2.7,0.041666666666666706,11.46,shallow,0,52,112,0,"Delta, B.C., MX",USGS-WEST,0
hv74994352,3.38,0.18333333333333332,31.7,shallow,5,141,177,0,"Pāhala, Hawaii",USGS-WEST,3
us7000sz1j,2.5,0.0,10,shallow,0,235,96,0,"Nikolski, Alaska",CEA-12,8
us6000t9c6,2.6,0.020833333333333353,12.934,shallow,2,117,104,0,"Lively, Canada",SCEDC-01,10
us6000t9c5,4.4,0.3958333333333334,10,shallow,7,63,301,0,"Capilla del Monte, Argentina",PNSN-07,3
us6000t9c3,4.2,0.35416666666666674,10,shallow,0,76,271,0,"Olonkinbyen, Svalbard and Jan Mayen",USGS-WEST,0
us6000t9bv,4.8,0.47916666666666663,127.021,intermediate,0,103,354,0,"Tournavista, Peru",PNSN-07,5
us6000tax4,4.3,0.375,72.149,intermediate,0,134,284,0,"Burias, Philippines",USGS-WEST,3
us6000tax1,4.1,0.33333333333333326,35,shallow,0,135,259,0,"Balangonan, Philippines",PNSN-07,3
hv74994232,2.58,0.016666666666666684,7.29,shallow,0,148,102,0,"Waimea, Hawaii",unknown,0
us7000sz1i,3.9,0.2916666666666667,11.751,shallow,0,175,234,0,"Attu Station, Alaska",PNSN-07,5
us6000t9bn,3.3,0.16666666666666663,7.872,shallow,0,38,168,0,"Lima, Montana",CEA-12,1
us7000sz1h,2.7,0.041666666666666706,10,shallow,0,267,112,0,"Nikolski, Alaska",SCEDC-01,0
